GlobalID,EntryID,Skeleton0_X,Skeleton0_Y,Skeleton0_Z,Skeleton1_X,Skeleton1_Y,Skeleton1_Z,Skeleton2_X,Skeleton2_Y,Skeleton2_Z,Skeleton3_X,Skeleton3_Y,Skeleton3_Z,Skeleton4_X,Skeleton4_Y,Skeleton4_Z,Skeleton5_X,Skeleton5_Y,Skeleton5_Z,Skeleton6_X,Skeleton6_Y,Skeleton6_Z,Skeleton7_X,Skeleton7_Y,Skeleton7_Z,Skeleton8_X,Skeleton8_Y,Skeleton8_Z,Skeleton9_X,Skeleton9_Y,Skeleton9_Z,Skeleton10_X,Skeleton10_Y,Skeleton10_Z,Skeleton11_X,Skeleton11_Y,Skeleton11_Z,Skeleton12_X,Skeleton12_Y,Skeleton12_Z,Skeleton13_X,Skeleton13_Y,Skeleton13_Z,Skeleton14_X,Skeleton14_Y,Skeleton14_Z,Skeleton15_X,Skeleton15_Y,Skeleton15_Z,Skeleton16_X,Skeleton16_Y,Skeleton16_Z,Skeleton17_X,Skeleton17_Y,Skeleton17_Z,Skeleton18_X,Skeleton18_Y,Skeleton18_Z,Skeleton19_X,Skeleton19_Y,Skeleton19_Z,Skeleton20_X,Skeleton20_Y,Skeleton20_Z,Skeleton21_X,Skeleton21_Y,Skeleton21_Z,Skeleton22_X,Skeleton22_Y,Skeleton22_Z,Skeleton23_X,Skeleton23_Y,Skeleton23_Z,BubbleGen1_X,BubbleGen1_Y,BubbleGen1_Z,BubbleGen2_X,BubbleGen2_Y,BubbleGen2_Z,BubbleGen3_X,BubbleGen3_Y,BubbleGen3_Z,BubbleGen6_X,BubbleGen6_Y,BubbleGen6_Z,BubbleGen7_X,BubbleGen7_Y,BubbleGen7_Z,BubbleGen8_X,BubbleGen8_Y,BubbleGen8_Z,Floor_X,Floor_Y,Floor_Z,Spatial,Temporal,Spatial_2,Temporal_2,RightKneeAngle,LeftKneeAngle,RightElbowAngle,LeftElbowAngle,RightFootDistanceFromFloor,LeftFootDistanceFromFloor,Total_reach,Spatial_1,Temporal_1
1,12182024015026927,-0.8854717,2.7991,-3.256317,-0.8793373,2.657287,-3.20544,-0.8601883,2.215957,-3.070937,-0.8339031,1.606062,-2.914113,-0.8793373,2.657287,-3.20544,-0.8793373,2.657287,-3.20544,-0.8339031,1.606062,-2.914113,-0.8339031,1.606062,-2.914113,-0.5668762,2.623771,-3.165209,-0.4624808,2.053698,-3.126801,-0.5361506,1.597314,-3.247252,-0.5700512,1.497898,-3.284909,-0.5361506,1.597314,-3.247252,-1.222172,2.575499,-3.26716,-1.249132,2.024521,-3.252466,-1.054478,2.621502,-3.3934,-0.9953616,2.833486,-3.440758,-1.054478,2.621502,-3.3934,-0.6817666,1.625816,-2.965111,-0.1893634,1.265866,-3.396235,-0.01382637,0.4918762,-3.094912,-0.98373,1.599787,-3.007576,-1.258327,1.17372,-3.546563,-1.388053,0.3734165,-3.28817,-1.086,0.6359619,-7.92,-1.636,0.6359619,-7.537,-1.93,0.6359619,-6.94,0.39,0.6359619,-6.96,0.07300001,0.6359619,-7.501,-0.468,0.6359619,-7.869,-0.3338472,0.7638283,-12.22701,0,0,0,1,111.7657993,112.1456538,153.2848806,18.76800256,-0.2719521,-0.3904118,1.767523844,0,0
2,12182024015028681,-0.8227346,3.066716,-6.800347,-0.8186882,2.932086,-6.727054,-0.8036789,2.510019,-6.52986,-0.778122,1.918342,-6.311235,-0.8186882,2.932086,-6.727054,-0.8186882,2.932086,-6.727054,-0.778122,1.918342,-6.311235,-0.778122,1.918342,-6.311235,-0.5071784,2.913019,-6.701133,-0.3991756,2.352755,-6.594936,-0.4988809,1.897289,-6.69463,-0.5303614,1.788679,-6.719677,-0.4988809,1.897289,-6.69463,-1.162178,2.860092,-6.76283,-1.197909,2.321599,-6.716768,-0.9867523,2.912125,-6.866193,-0.9255485,3.07917,-6.922396,-0.9867523,2.912125,-6.866193,-0.6243184,1.937239,-6.367676,-0.1819751,1.551733,-6.833445,0.02545869,0.7524534,-6.601585,-0.9297113,1.913407,-6.400085,-1.187255,1.473284,-6.940128,-1.306626,0.6485006,-6.742951,-1.086,0.6359619,-7.92,-1.636,0.6359619,-7.537,-1.93,0.6359619,-6.94,0.39,0.6359619,-6.96,0.07300001,0.6359619,-7.501,-0.468,0.6359619,-7.869,-0.3338472,0.7638283,-12.22701,0,0,0,1,117.0184568,116.8473918,147.6712867,17.83006014,-0.0113749,-0.1153277,1.774917561,0,0
3,12182024015029658,-0.7426814,2.913061,-7.430745,-0.7369974,2.795252,-7.348837,-0.7201141,2.426265,-7.128609,-0.7024007,1.89942,-6.881316,-0.7369974,2.795252,-7.348837,-0.7369974,2.795252,-7.348837,-0.7024007,1.89942,-6.881316,-0.7024007,1.89942,-6.881316,-0.4242905,2.759377,-7.364254,-0.3215207,2.272924,-7.26335,-0.4291668,1.815245,-7.339607,-0.5135336,1.70233,-7.427714,-0.4291668,1.815245,-7.339607,-1.087247,2.72607,-7.371914,-1.119977,2.263054,-7.292009,-0.9585897,1.740313,-7.277369,-0.8999185,1.623488,-7.243016,-0.9585897,1.740313,-7.277369,-0.514164,1.910364,-6.937553,-0.2372583,1.234823,-6.931212,-0.09885365,0.5315261,-6.481328,-0.8915507,1.906061,-6.969418,-1.07399,1.225284,-7.001861,-1.178242,0.5192205,-6.572465,-1.086,0.6359619,-7.92,-1.636,0.6359619,-7.537,-1.93,0.6359619,-6.94,0.39,0.6359619,-6.96,0.07300001,0.6359619,-7.501,-0.468,0.6359619,-7.869,-0.3338472,0.7638283,-12.22701,0,0,0,1,146.6756092,145.7496267,147.5354406,157.3708769,-0.2323022,-0.2446078,1.773153582,0,0
4,12182024015030669,-0.700791,2.774218,-7.481061,-0.6960517,2.638605,-7.419054,-0.6804127,2.212783,-7.254172,-0.6599036,1.622725,-7.05796,-0.6960517,2.638605,-7.419054,-0.6960517,2.638605,-7.419054,-0.6599036,1.622725,-7.05796,-0.6599036,1.622725,-7.05796,-0.3671716,2.604384,-7.39714,-0.2289332,2.14178,-7.34163,-0.3919949,1.985462,-7.803294,-0.415041,1.99584,-7.888482,-0.3919949,1.985462,-7.803294,-1.034693,2.561216,-7.4425,-1.07241,2.072035,-7.411061,-0.8703482,1.614612,-7.337796,-0.830959,1.485777,-7.332546,-0.8703482,1.614612,-7.337796,-0.4852525,1.648116,-7.115008,-0.3092631,1.310853,-7.20935,-0.05464488,0.5081378,-6.639892,-0.8379133,1.630832,-7.142734,-0.9449414,1.279699,-7.259325,-1.184825,0.4527488,-6.728744,-1.086,0.6359619,-7.92,-1.636,0.6359619,-7.537,-1.93,0.6359619,-6.94,0.39,0.6359619,-6.96,0.07300001,0.6359619,-7.501,-0.468,0.6359619,-7.869,-0.3338472,0.7638283,-12.22701,0,0,0,1,131.0777566,130.7319805,95.54704843,151.5386087,-0.2556905,-0.3110795,1.594015454,0,0
5,12182024015031674,-0.8173925,3.035928,-6.758872,-0.8123854,2.90276,-6.692228,-0.7975207,2.488888,-6.511576,-0.7764071,1.923437,-6.29353,-0.8123854,2.90276,-6.692228,-0.8123854,2.90276,-6.692228,-0.7764071,1.923437,-6.29353,-0.7764071,1.923437,-6.29353,-0.4858623,2.892774,-6.68169,-0.328613,2.448944,-6.629258,-0.4649273,2.417027,-7.091762,-0.4520133,2.430233,-7.142625,-0.4649273,2.417027,-7.091762,-1.145855,2.836923,-6.722868,-1.193256,2.357404,-6.680682,-0.9691353,1.911413,-6.585176,-0.8882451,1.817854,-6.561332,-0.9691353,1.911413,-6.585176,-0.6064562,1.957827,-6.347859,-0.1566598,1.265579,-6.583323,-0.1543144,0.973328,-5.938894,-0.9493214,1.926673,-6.379835,-1.222161,1.168765,-6.68269,-1.306661,0.8686231,-6.04636,-1.086,0.6359619,-7.92,-1.636,0.6359619,-7.537,-1.93,0.6359619,-6.94,0.39,0.6359619,-6.96,0.07300001,0.6359619,-7.501,-0.468,0.6359619,-7.869,-0.3338472,0.7638283,-12.22701,0,0,0,1,94.87522081,95.44059373,82.08663408,147.4786051,0.2094997,0.1047948,1.762476161,0,0
6,12182024015032648,-0.8073348,3.395958,-6.790045,-0.8132376,3.285491,-6.700019,-0.831519,2.940068,-6.445192,-0.857053,2.463408,-6.123874,-0.8132376,3.285491,-6.700019,-0.8132376,3.285491,-6.700019,-0.857053,2.463408,-6.123874,-0.857053,2.463408,-6.123874,-0.4975143,3.275477,-6.723933,-0.3448607,2.84181,-6.60392,-0.6186011,2.770043,-7.00617,-0.6271608,2.755574,-6.993825,-0.6186011,2.770043,-7.00617,-1.166182,3.237328,-6.761663,-1.254879,2.792007,-6.613429,-1.113313,2.366701,-6.482441,-1.027938,2.28191,-6.498363,-1.113313,2.366701,-6.482441,-0.684208,2.459673,-6.181632,-0.5839852,1.805006,-6.071439,-0.513029,0.9638153,-5.81533,-1.028856,2.475115,-6.211031,-1.148321,1.830291,-6.119578,-1.269319,0.9977015,-5.879843,-1.086,0.6359619,-7.92,-1.636,0.6359619,-7.537,-1.93,0.6359619,-6.94,0.39,0.6359619,-6.96,0.07300001,0.6359619,-7.501,-0.468,0.6359619,-7.869,-0.3338472,0.7638283,-12.22701,1,0,1,1,171.6645946,171.7420161,75.39163907,151.6231992,0.199987,0.2338732,1.735849243,1,0
7,12182024015033645,-1.050992,3.53085,-5.825808,-1.039918,3.383651,-5.790964,-1.004477,2.929309,-5.69941,-0.9565327,2.309574,-5.588067,-1.039918,3.383651,-5.790964,-1.039918,3.383651,-5.790964,-0.9565327,2.309574,-5.588067,-0.9565327,2.309574,-5.588067,-0.7109405,3.350111,-5.778073,-0.5418544,2.853725,-5.741174,-0.6995714,2.49637,-6.044985,-0.7398043,2.400641,-6.07515,-0.6995714,2.49637,-6.044985,-1.370736,3.26371,-5.833523,-1.381778,2.763467,-5.860659,-1.13752,2.354739,-5.999798,-1.063535,2.276473,-6.005693,-1.13752,2.354739,-5.999798,-0.8049213,2.332492,-5.647893,-0.3981752,2.027849,-6.26053,-0.2431526,1.215547,-6.076123,-1.103416,2.299795,-5.672701,-1.330805,1.925689,-6.338042,-1.363508,1.092824,-6.169238,-1.086,0.6359619,-7.92,-1.636,0.6359619,-7.537,-1.93,0.6359619,-6.94,0.39,0.6359619,-6.96,0.07300001,0.6359619,-7.501,-0.468,0.6359619,-7.869,-0.3338472,0.7638283,-12.22701,1,0,1,0,107.0324102,107.7687342,122.4309134,145.7785926,0.4517187,0.3289957,1.816686364,1,0
8,12182024015034658,-1.020025,3.488748,-5.773942,-1.012069,3.346978,-5.745093,-0.9864329,2.905455,-5.67619,-0.9486173,2.291518,-5.606636,-1.012069,3.346978,-5.745093,-1.012069,3.346978,-5.745093,-0.9486173,2.291518,-5.606636,-0.9486173,2.291518,-5.606636,-0.6864811,3.310689,-5.725217,-0.5392515,2.767864,-5.672302,-0.6501249,2.364452,-5.937613,-0.6997274,2.271935,-6.018883,-0.6501249,2.364452,-5.937613,-1.351346,3.243282,-5.803706,-1.360912,2.744687,-5.842324,-1.081893,2.391854,-6.029379,-1.027842,2.309043,-6.045287,-1.081893,2.391854,-6.029379,-0.7922231,2.312896,-5.655843,-0.4950463,2.03124,-6.348382,-0.216791,1.557052,-7.06454,-1.100206,2.284052,-5.702656,-1.114306,1.973244,-6.442508,-1.089971,1.475275,-7.19726,-1.086,0.6359619,-7.92,-1.636,0.6359619,-7.537,-1.93,0.6359619,-6.94,0.39,0.6359619,-6.96,0.07300001,0.6359619,-7.501,-0.468,0.6359619,-7.869,-0.3338472,0.7638283,-12.22701,0,0,1,0,168.6695926,169.0708372,132.3741546,137.7868624,0.7932237,0.7114467,1.886757974,0,0
9,12182024015035640,-1.025874,3.46509,-5.8122,-1.015511,3.32514,-5.779823,-0.9846165,2.889884,-5.701646,-0.9432814,2.285218,-5.623428,-1.015511,3.32514,-5.779823,-1.015511,3.32514,-5.779823,-0.9432814,2.285218,-5.623428,-0.9432814,2.285218,-5.623428,-0.6949731,3.306947,-5.753139,-0.5362663,2.77387,-5.68701,-0.6358795,2.379261,-5.950973,-0.6766605,2.283054,-6.040163,-0.6358795,2.379261,-5.950973,-1.351569,3.231565,-5.838342,-1.358828,2.735759,-5.871512,-1.077682,2.380588,-6.043834,-1.040716,2.354006,-6.039211,-1.077682,2.380588,-6.043834,-0.7851903,2.308702,-5.667429,-0.4579757,2.010469,-6.275835,-0.345725,1.238165,-6.147042,-1.096929,2.27563,-5.724939,-1.106401,1.941679,-6.395458,-1.118332,1.156201,-6.289574,-1.086,0.6359619,-7.92,-1.636,0.6359619,-7.537,-1.93,0.6359619,-6.94,0.39,0.6359619,-6.96,0.07300001,0.6359619,-7.501,-0.468,0.6359619,-7.869,-0.3338472,0.7638283,-12.22701,0,0,1,0,108.4847793,108.8059772,130.6751962,138.278465,0.4743367,0.3923727,1.726212733,0,0
10,12182024015036645,-1.041408,3.459354,-5.805315,-1.026069,3.318748,-5.777286,-0.983893,2.883689,-5.707265,-0.919891,2.279426,-5.635976,-1.026069,3.318748,-5.777286,-1.026069,3.318748,-5.777286,-0.919891,2.279426,-5.635976,-0.919891,2.279426,-5.635976,-0.7052121,3.303861,-5.743155,-0.5365297,2.77704,-5.700756,-0.6340786,2.38321,-5.963706,-0.6641865,2.2816,-6.052214,-0.6340786,2.38321,-5.963706,-1.359439,3.220333,-5.836581,-1.369196,2.727347,-5.876265,-1.127598,2.351297,-6.044998,-1.050196,2.34145,-6.049442,-1.127598,2.351297,-6.044998,-0.762903,2.307529,-5.680538,-0.3819975,2.046132,-6.291943,-0.07375312,1.251969,-6.544886,-1.073073,2.265474,-5.736653,-1.122811,1.945686,-6.425969,-1.121454,1.109913,-6.734434,-1.086,0.6359619,-7.92,-1.636,0.6359619,-7.537,-1.93,0.6359619,-6.94,0.39,0.6359619,-6.96,0.07300001,0.6359619,-7.501,-0.468,0.6359619,-7.869,-0.3338472,0.7638283,-12.22701,1,0,1,0,134.7778823,135.0145667,132.1123723,143.396352,0.4881407,0.3460847,1.836224078,1,0
11,12182024015037650,-1.033481,3.453137,-5.783974,-1.022612,3.313148,-5.758295,-0.9806688,2.875548,-5.695756,-0.9482576,2.261216,-5.628246,-1.022612,3.313148,-5.758295,-1.022612,3.313148,-5.758295,-0.9482576,2.261216,-5.628246,-0.9482576,2.261216,-5.628246,-0.6890272,3.276717,-5.71592,-0.5343913,2.747872,-5.70381,-0.6506328,2.362408,-5.982579,-0.6980214,2.267441,-6.078034,-0.6506328,2.362408,-5.982579,-1.350397,3.207033,-5.80805,-1.371074,2.720329,-5.861744,-1.161501,2.329376,-6.047551,-1.107756,2.272578,-6.058004,-1.161501,2.329376,-6.047551,-0.7906675,2.281106,-5.680356,-0.3366293,1.950885,-6.175484,0.04186678,1.203302,-6.338583,-1.102655,2.256145,-5.720416,-1.3539,1.869496,-6.306102,-1.576638,1.073809,-6.546401,-1.086,0.6359619,-7.92,-1.636,0.6359619,-7.537,-1.93,0.6359619,-6.94,0.39,0.6359619,-6.96,0.07300001,0.6359619,-7.501,-0.468,0.6359619,-7.869,-0.3338472,0.7638283,-12.22701,0,0,1,0,141.4094307,141.8395897,132.5484019,146.2262805,0.4394737,0.3099807,1.785814533,0,0
12,12182024015038667,-1.005965,3.445497,-5.7683,-1.007099,3.304795,-5.74424,-0.996765,2.863488,-5.6856,-1.004661,2.250286,-5.62677,-1.007099,3.304795,-5.74424,-1.007099,3.304795,-5.74424,-1.004661,2.250286,-5.62677,-1.004661,2.250286,-5.62677,-0.6761135,3.26714,-5.72658,-0.5443504,2.723964,-5.736185,-0.6937624,2.351378,-6.01369,-0.7532632,2.268129,-6.099255,-0.6937624,2.351378,-6.01369,-1.335072,3.210632,-5.760007,-1.406974,2.738417,-5.801162,-1.20206,2.356994,-6.025086,-1.148958,2.306884,-6.025699,-1.20206,2.356994,-6.025086,-0.8435428,2.262903,-5.688872,-0.6069797,1.897229,-6.280456,-0.6370959,1.046362,-6.208291,-1.159045,2.253895,-5.708702,-1.317516,1.876942,-6.325113,-1.308216,1.0272,-6.250471,-1.086,0.6359619,-7.92,-1.636,0.6359619,-7.537,-1.93,0.6359619,-6.94,0.39,0.6359619,-6.96,0.07300001,0.6359619,-7.501,-0.468,0.6359619,-7.869,-0.3338472,0.7638283,-12.22701,0,0,1,0,114.6029087,115.6175541,132.8013204,138.3389617,0.2825337,0.2633717,1.767588561,0,0
13,12182024015039644,-1.030211,3.454285,-5.787667,-1.018583,3.310807,-5.757147,-0.9937881,2.868008,-5.688015,-0.9312844,2.267812,-5.624049,-1.018583,3.310807,-5.757147,-1.018583,3.310807,-5.757147,-0.9312844,2.267812,-5.624049,-0.9312844,2.267812,-5.624049,-0.6998295,3.289309,-5.72598,-0.5305084,2.763055,-5.677188,-0.5972446,2.367933,-5.940084,-0.6134836,2.2687,-6.029379,-0.5972446,2.367933,-5.940084,-1.348487,3.203309,-5.791084,-1.365913,2.714592,-5.871345,-1.098026,2.350575,-6.047412,-1.025073,2.340521,-6.057206,-1.098026,2.350575,-6.047412,-0.7713959,2.293188,-5.669653,-0.5175967,2.040144,-6.36725,-0.2281532,1.283626,-6.682199,-1.085189,2.255915,-5.724359,-1.00844,1.981841,-6.452823,-0.9904701,1.193077,-6.815099,-1.086,0.6359619,-7.92,-1.636,0.6359619,-7.537,-1.93,0.6359619,-6.94,0.39,0.6359619,-6.96,0.07300001,0.6359619,-7.501,-0.468,0.6359619,-7.869,-0.3338472,0.7638283,-12.22701,0,0,0,0,135.3148762,135.1610844,133.7148412,141.2117394,0.5197977,0.4292487,1.834352232,0,0
14,12182024015040649,-1.041447,3.426637,-5.815519,-1.027086,3.288252,-5.782666,-0.9847417,2.855901,-5.703037,-0.9194851,2.256967,-5.625696,-1.027086,3.288252,-5.782666,-1.027086,3.288252,-5.782666,-0.9194851,2.256967,-5.625696,-0.9194851,2.256967,-5.625696,-0.7084644,3.281662,-5.730665,-0.5286493,2.764452,-5.669781,-0.5986832,2.353235,-5.958486,-0.6103477,2.243677,-6.04324,-0.5986832,2.353235,-5.958486,-1.355627,3.18673,-5.831998,-1.371152,2.702213,-5.891658,-1.121266,2.318086,-6.05304,-1.041952,2.269884,-6.098421,-1.121266,2.318086,-6.05304,-0.7597861,2.286081,-5.665135,-0.3652222,2.095573,-6.362948,0.04371035,1.542056,-6.878267,-1.076054,2.242986,-5.731589,-1.075444,1.998798,-6.512179,-1.090559,1.3875,-7.116598,-1.086,0.6359619,-7.92,-1.636,0.6359619,-7.537,-1.93,0.6359619,-6.94,0.39,0.6359619,-6.96,0.07300001,0.6359619,-7.501,-0.468,0.6359619,-7.869,-0.3338472,0.7638283,-12.22701,0,0,0,0,152.1583681,152.028472,130.7688975,143.9542208,0.7782277,0.6236717,1.867213956,0,0
15,12182024015041669,-1.033488,3.426531,-5.806168,-1.020637,3.286284,-5.777312,-0.977271,2.851907,-5.704618,-0.9142504,2.252293,-5.627531,-1.020637,3.286284,-5.777312,-1.020637,3.286284,-5.777312,-0.9142504,2.252293,-5.627531,-0.9142504,2.252293,-5.627531,-0.7057964,3.275921,-5.727697,-0.52939,2.758674,-5.66822,-0.6028967,2.371751,-5.964228,-0.6211034,2.270647,-6.051984,-0.6028967,2.371751,-5.964228,-1.349618,3.188309,-5.822489,-1.372545,2.70134,-5.889941,-1.118291,2.326427,-6.06434,-1.045413,2.316193,-6.074446,-1.118291,2.326427,-6.06434,-0.7552044,2.281197,-5.66633,-0.3434488,2.11216,-6.377426,0.04885608,1.627135,-6.956401,-1.07067,2.239469,-5.733303,-1.083266,2.014301,-6.534487,-1.07716,1.478192,-7.195451,-1.086,0.6359619,-7.92,-1.636,0.6359619,-7.537,-1.93,0.6359619,-6.94,0.39,0.6359619,-6.96,0.07300001,0.6359619,-7.501,-0.468,0.6359619,-7.869,-0.3338472,0.7638283,-12.22701,0,0,0,0,156.5910389,156.6178466,128.7600143,142.0990644,0.8633067,0.7143637,1.872650879,0,0
16,12182024015042696,-0.9958496,3.435517,-5.786592,-0.9877889,3.29439,-5.759571,-0.9581688,2.856426,-5.695993,-0.9094027,2.251193,-5.629586,-0.9877889,3.29439,-5.759571,-0.9877889,3.29439,-5.759571,-0.9094027,2.251193,-5.629586,-0.9094027,2.251193,-5.629586,-0.6582521,3.251637,-5.693653,-0.5102697,2.746704,-5.641175,-0.5283541,2.348126,-5.904382,-0.60185,2.278545,-6.043976,-0.5283541,2.348126,-5.904382,-1.319305,3.201694,-5.828671,-1.347222,2.705271,-5.894836,-1.031568,2.377409,-6.054025,-0.9796122,2.289454,-6.063995,-1.031568,2.377409,-6.054025,-0.7528843,2.274103,-5.665881,-0.3318259,2.072453,-6.314815,0.02288437,1.39161,-6.720457,-1.06358,2.243225,-5.737942,-1.083795,1.99772,-6.489222,-1.083776,1.281628,-6.977129,-1.086,0.6359619,-7.92,-1.636,0.6359619,-7.537,-1.93,0.6359619,-6.94,0.39,0.6359619,-6.96,0.07300001,0.6359619,-7.501,-0.468,0.6359619,-7.869,-0.3338472,0.7638283,-12.22701,1,0,0,0,142.3915192,142.3405736,136.9724541,132.8517865,0.6277817,0.5177997,1.845759127,1,0
17,12182024015043666,-0.9940913,3.431581,-5.790576,-0.9831141,3.290829,-5.76136,-0.9526367,2.853378,-5.695132,-0.9110262,2.247053,-5.631802,-0.9831141,3.290829,-5.76136,-0.9831141,3.290829,-5.76136,-0.9110262,2.247053,-5.631802,-0.9110262,2.247053,-5.631802,-0.6577668,3.247182,-5.688643,-0.5116805,2.743415,-5.637773,-0.6010394,2.384208,-5.956386,-0.6109205,2.282871,-6.048489,-0.6010394,2.384208,-5.956386,-1.318855,3.199271,-5.827116,-1.355338,2.705039,-5.896141,-1.060027,2.342821,-6.075077,-0.9999913,2.270685,-6.122089,-1.060027,2.342821,-6.075077,-0.7519748,2.26685,-5.667084,-0.4742233,2.094533,-6.610086,-0.2333156,1.655305,-7.148808,-1.067786,2.242835,-5.74082,-0.8429903,2.066492,-6.696187,-0.7436818,1.616496,-7.267971,-1.086,0.6359619,-7.92,-1.636,0.6359619,-7.537,-1.93,0.6359619,-6.94,0.39,0.6359619,-6.96,0.07300001,0.6359619,-7.501,-0.468,0.6359619,-7.869,-0.3338472,0.7638283,-12.22701,0,0,1,0,152.3924956,152.2284727,126.1138459,136.1577191,0.8914767,0.8526677,1.922529297,0,0
18,12182024015044684,-0.9999634,3.421674,-5.808145,-0.9903432,3.281902,-5.776459,-0.9602755,2.847637,-5.702136,-0.9233893,2.246292,-5.630238,-0.9903432,3.281902,-5.776459,-0.9903432,3.281902,-5.776459,-0.9233893,2.246292,-5.630238,-0.9233893,2.246292,-5.630238,-0.668301,3.249857,-5.706097,-0.5126735,2.748189,-5.635091,-0.5820295,2.367103,-5.927686,-0.5929465,2.282124,-6.036005,-0.5820295,2.367103,-5.927686,-1.321659,3.193223,-5.834767,-1.360593,2.703822,-5.901218,-1.042445,2.380978,-6.074841,-0.9800975,2.342191,-6.076504,-1.042445,2.380978,-6.074841,-0.7598245,2.264615,-5.666921,-0.4826639,2.132477,-6.561867,-0.2240604,1.718935,-7.100943,-1.084151,2.244012,-5.737858,-0.9183806,2.104798,-6.657166,-0.8611183,1.678466,-7.240279,-1.086,0.6359619,-7.92,-1.636,0.6359619,-7.537,-1.93,0.6359619,-6.94,0.39,0.6359619,-6.96,0.07300001,0.6359619,-7.501,-0.468,0.6359619,-7.869,-0.3338472,0.7638283,-12.22701,1,0,1,0,152.2572216,152.1164941,128.3403375,130.8076467,0.9551067,0.9146377,1.862532731,0,0
19,12182024015045668,-1.007708,3.421093,-5.813707,-0.9982197,3.280535,-5.783636,-0.9671285,2.84504,-5.711285,-0.9215134,2.245456,-5.633804,-0.9982197,3.280535,-5.783636,-0.9982197,3.280535,-5.783636,-0.9215134,2.245456,-5.633804,-0.9215134,2.245456,-5.633804,-0.6740009,3.249107,-5.712593,-0.5161011,2.747177,-5.641285,-0.5827755,2.371847,-5.959338,-0.5939177,2.284234,-6.043777,-0.5827755,2.371847,-5.959338,-1.327409,3.18683,-5.849345,-1.361784,2.696438,-5.911974,-1.054774,2.336098,-6.079166,-0.9825161,2.273611,-6.08438,-1.054774,2.336098,-6.079166,-0.7604748,2.264888,-5.671772,-0.4255979,1.919945,-6.236591,-0.1186264,1.107478,-5.995147,-1.079137,2.241886,-5.73969,-1.064223,1.873848,-6.372703,-1.277659,1.023816,-6.242175,-1.086,0.6359619,-7.92,-1.636,0.6359619,-7.537,-1.93,0.6359619,-6.94,0.39,0.6359619,-6.96,0.07300001,0.6359619,-7.501,-0.468,0.6359619,-7.869,-0.3338472,0.7638283,-12.22701,1,0,1,0,111.6498635,110.4781011,126.0622006,135.2275919,0.3436497,0.2599877,1.809770785,1,0
20,12182024015046677,-1.01257,3.411404,-5.802277,-1.008779,3.270667,-5.774193,-0.9979993,2.833166,-5.705534,-0.9881719,2.229218,-5.634664,-1.008779,3.270667,-5.774193,-1.008779,3.270667,-5.774193,-0.9881719,2.229218,-5.634664,-0.9881719,2.229218,-5.634664,-0.6846136,3.235299,-5.744507,-0.5468693,2.691792,-5.739625,-0.6799604,2.312013,-6.008188,-0.730697,2.220288,-6.1134,-0.6799604,2.312013,-6.008188,-1.350575,3.189339,-5.799973,-1.435783,2.71802,-5.808249,-1.25169,2.329236,-6.015733,-1.182422,2.304559,-6.034071,-1.25169,2.329236,-6.015733,-0.8264448,2.245,-5.694384,-0.4401638,2.02177,-6.330691,-0.1535127,1.632095,-7.069898,-1.143872,2.229922,-5.7192,-1.405885,1.975896,-6.406189,-1.54992,1.565763,-7.179066,-1.086,0.6359619,-7.92,-1.636,0.6359619,-7.537,-1.93,0.6359619,-6.94,0.39,0.6359619,-6.96,0.07300001,0.6359619,-7.501,-0.468,0.6359619,-7.869,-0.3338472,0.7638283,-12.22701,0,0,1,0,166.6832998,167.2869504,133.5098666,137.7219441,0.8682667,0.8019347,1.841806149,0,0
21,12182024015047684,-1.051275,3.407484,-5.787515,-1.045656,3.266887,-5.760713,-1.028635,2.829728,-5.697919,-1.008976,2.227153,-5.632137,-1.045656,3.266887,-5.760713,-1.045656,3.266887,-5.760713,-1.008976,2.227153,-5.632137,-1.008976,2.227153,-5.632137,-0.7170488,3.237314,-5.750311,-0.5671668,2.70035,-5.741896,-0.6849082,2.315517,-6.011361,-0.7331642,2.227924,-6.107949,-0.6849082,2.315517,-6.011361,-1.382084,3.18225,-5.770176,-1.456179,2.706871,-5.793596,-1.235139,2.334905,-6.034973,-1.16839,2.291624,-6.048108,-1.235139,2.334905,-6.034973,-0.8455343,2.244792,-5.697588,-0.5818851,1.904723,-6.298284,-0.4864531,1.115953,-5.927104,-1.165319,2.226674,-5.710582,-1.352141,1.861083,-6.329583,-1.419833,1.063071,-5.965031,-1.086,0.6359619,-7.92,-1.636,0.6359619,-7.537,-1.93,0.6359619,-6.94,0.39,0.6359619,-6.96,0.07300001,0.6359619,-7.501,-0.468,0.6359619,-7.869,-0.3338472,0.7638283,-12.22701,0,0,1,0,96.23984433,96.91874072,133.7477688,134.1051256,0.3521247,0.2992427,1.797644669,0,0
22,12182024015048661,-1.030077,3.409374,-5.759501,-1.027324,3.269178,-5.735117,-1.016634,2.833902,-5.679646,-0.9993752,2.232295,-5.624432,-1.027324,3.269178,-5.735117,-1.027324,3.269178,-5.735117,-0.9993752,2.232295,-5.624432,-0.9993752,2.232295,-5.624432,-0.7065779,3.239438,-5.722568,-0.5557835,2.704913,-5.715029,-0.6583632,2.32387,-5.995947,-0.7080166,2.242729,-6.091496,-0.6583632,2.32387,-5.995947,-1.362427,3.18204,-5.769124,-1.436577,2.705382,-5.798907,-1.218904,2.339068,-6.042137,-1.155288,2.281474,-6.053799,-1.218904,2.339068,-6.042137,-0.8359993,2.249849,-5.688845,-0.5516835,1.913931,-6.281678,-0.4664445,1.139067,-5.945319,-1.156147,2.231376,-5.703913,-1.357735,1.867423,-6.319614,-1.424013,1.083817,-5.990386,-1.086,0.6359619,-7.92,-1.636,0.6359619,-7.537,-1.93,0.6359619,-6.94,0.39,0.6359619,-6.96,0.07300001,0.6359619,-7.501,-0.468,0.6359619,-7.869,-0.3338472,0.7638283,-12.22701,1,0,1,0,97.8044228,98.70224292,133.7619771,134.331749,0.3752387,0.3199887,1.771402778,1,0
23,12182024015049675,-1.023607,3.408583,-5.760777,-1.021027,3.268631,-5.734709,-1.011741,2.834262,-5.676362,-0.9958962,2.233241,-5.621863,-1.021027,3.268631,-5.734709,-1.021027,3.268631,-5.734709,-0.9958962,2.233241,-5.621863,-0.9958962,2.233241,-5.621863,-0.7034678,3.238404,-5.721804,-0.5514418,2.704226,-5.7106,-0.6571269,2.324321,-5.994361,-0.7089025,2.235363,-6.094849,-0.6571269,2.324321,-5.994361,-1.355493,3.182339,-5.773151,-1.430087,2.706215,-5.801368,-1.21964,2.335766,-6.041035,-1.152823,2.274626,-6.056257,-1.21964,2.335766,-6.041035,-0.8327034,2.250087,-5.685546,-0.5367817,1.919388,-6.277183,-0.4597174,1.140487,-5.95467,-1.152464,2.232817,-5.702063,-1.361368,1.874852,-6.319776,-1.423788,1.088417,-6.004468,-1.086,0.6359619,-7.92,-1.636,0.6359619,-7.537,-1.93,0.6359619,-6.94,0.39,0.6359619,-6.96,0.07300001,0.6359619,-7.501,-0.468,0.6359619,-7.869,-0.3338472,0.7638283,-12.22701,1,0,1,0,98.22578364,99.08463358,132.8950679,135.1976858,0.3766587,0.3245887,1.769373749,1,0
24,12182024015050661,-1.024468,3.406771,-5.770859,-1.021323,3.267518,-5.743562,-1.010838,2.835272,-5.681507,-0.9936215,2.237971,-5.624296,-1.021323,3.267518,-5.743562,-1.021323,3.267518,-5.743562,-0.9936215,2.237971,-5.624296,-0.9936215,2.237971,-5.624296,-0.705737,3.239049,-5.728498,-0.5511562,2.70376,-5.71157,-0.6662962,2.327409,-5.997621,-0.7161939,2.23641,-6.09936,-0.6662962,2.327409,-5.997621,-1.35391,3.186083,-5.778896,-1.430586,2.709739,-5.802205,-1.196318,2.364174,-6.04004,-1.11223,2.31731,-6.051942,-1.196318,2.364174,-6.04004,-0.8277718,2.255385,-5.686756,-0.6950884,2.075005,-6.572704,-0.5945612,1.798571,-7.272026,-1.153353,2.237341,-5.707096,-1.155866,2.049467,-6.60149,-1.146445,1.767984,-7.306504,-1.086,0.6359619,-7.92,-1.636,0.6359619,-7.537,-1.93,0.6359619,-6.94,0.39,0.6359619,-6.96,0.07300001,0.6359619,-7.501,-0.468,0.6359619,-7.869,-0.3338472,0.7638283,-12.22701,1,0,1,0,170.0106105,170.0603257,131.2489739,130.9749706,1.0347427,1.0041557,1.853022184,1,0
25,12182024015051667,-1.034037,3.402153,-5.787313,-1.028105,3.26417,-5.759448,-1.01074,2.835192,-5.695307,-0.9789796,2.241733,-5.634548,-1.028105,3.26417,-5.759448,-1.028105,3.26417,-5.759448,-0.9789796,2.241733,-5.634548,-0.9789796,2.241733,-5.634548,-0.7116048,3.240944,-5.737038,-0.5513246,2.710628,-5.695425,-0.6683047,2.34639,-5.994611,-0.6982452,2.255017,-6.09475,-0.6683047,2.34639,-5.994611,-1.357288,3.18819,-5.798113,-1.431919,2.710634,-5.8217,-1.18638,2.336902,-6.027295,-1.133915,2.282504,-6.06447,-1.18638,2.336902,-6.027295,-0.813623,2.261765,-5.690426,-0.5663528,1.920449,-6.29695,-0.4651362,1.087978,-5.948922,-1.13861,2.237447,-5.724455,-1.200141,1.873024,-6.363312,-1.265177,1.028113,-6.032692,-1.086,0.6359619,-7.92,-1.636,0.6359619,-7.537,-1.93,0.6359619,-6.94,0.39,0.6359619,-6.96,0.07300001,0.6359619,-7.501,-0.468,0.6359619,-7.869,-0.3338472,0.7638283,-12.22701,1,0,1,0,98.40973673,98.62561154,126.8887612,133.8501986,0.3241497,0.2642847,1.830938163,1,0
26,12182024015052645,-1.027944,3.396626,-5.783185,-1.021867,3.258852,-5.755298,-1.000732,2.830636,-5.689017,-0.9657075,2.239859,-5.621434,-1.021867,3.258852,-5.755298,-1.021867,3.258852,-5.755298,-0.9657075,2.239859,-5.621434,-0.9657075,2.239859,-5.621434,-0.6975509,3.236607,-5.71609,-0.5435353,2.713288,-5.671514,-0.651191,2.34903,-5.973035,-0.6827958,2.256925,-6.079962,-0.651191,2.34903,-5.973035,-1.356754,3.182788,-5.791521,-1.423167,2.704739,-5.814256,-1.193562,2.32235,-6.016093,-1.114232,2.303501,-6.03001,-1.193562,2.32235,-6.016093,-0.7999397,2.260827,-5.675649,-0.4920495,1.928458,-6.254887,-0.3017471,1.199355,-6.035363,-1.125712,2.235143,-5.71086,-1.243692,1.8692,-6.336129,-1.371632,1.115007,-6.151003,-1.086,0.6359619,-7.92,-1.636,0.6359619,-7.537,-1.93,0.6359619,-6.94,0.39,0.6359619,-6.96,0.07300001,0.6359619,-7.501,-0.468,0.6359619,-7.869,-0.3338472,0.7638283,-12.22701,1,0,1,0,107.5218367,107.6675102,127.2326064,136.695647,0.4355267,0.3511787,1.704435725,1,0
27,12182024015053661,-1.03214,3.391374,-5.781149,-1.028807,3.252338,-5.751222,-1.018621,2.818941,-5.679463,-1.0139,2.220098,-5.601025,-1.028807,3.252338,-5.751222,-1.028807,3.252338,-5.751222,-1.0139,2.220098,-5.601025,-1.0139,2.220098,-5.601025,-0.7009618,3.233816,-5.723144,-0.5573494,2.702633,-5.692849,-0.6858243,2.332279,-5.985272,-0.7356499,2.247229,-6.085407,-0.6858243,2.332279,-5.985272,-1.369743,3.179681,-5.76787,-1.459791,2.708423,-5.769279,-1.255346,2.334785,-6.002811,-1.196296,2.297061,-6.018641,-1.255346,2.334785,-6.002811,-0.8520299,2.235154,-5.661448,-0.5131,1.904118,-6.230453,-0.4847899,1.096337,-5.813156,-1.168441,2.222344,-5.684994,-1.400198,1.868204,-6.296466,-1.46336,1.05672,-5.885975,-1.086,0.6359619,-7.92,-1.636,0.6359619,-7.537,-1.93,0.6359619,-6.94,0.39,0.6359619,-6.96,0.07300001,0.6359619,-7.501,-0.468,0.6359619,-7.869,-0.3338472,0.7638283,-12.22701,1,0,1,0,93.36690815,94.31564343,128.9467186,132.6846453,0.3325087,0.2928917,1.831141543,1,0
28,12182024015054654,-1.011907,3.415277,-5.739257,-1.011615,3.273642,-5.714468,-1.009429,2.834419,-5.657048,-1.00541,2.229505,-5.595974,-1.011615,3.273642,-5.714468,-1.011615,3.273642,-5.714468,-1.00541,2.229505,-5.595974,-1.00541,2.229505,-5.595974,-0.6881129,3.232612,-5.692843,-0.5507545,2.704415,-5.684292,-0.6788474,2.338907,-5.977213,-0.7289694,2.245636,-6.078364,-0.6788474,2.338907,-5.977213,-1.355743,3.188183,-5.736976,-1.434446,2.711663,-5.774085,-1.214864,2.352593,-6.019022,-1.164833,2.281024,-6.030429,-1.214864,2.352593,-6.019022,-0.8426863,2.243723,-5.659433,-0.5355596,1.921132,-6.246546,-0.4429885,1.165771,-5.885884,-1.161374,2.232292,-5.677186,-1.388862,1.890525,-6.294082,-1.503656,1.127725,-5.944972,-1.086,0.6359619,-7.92,-1.636,0.6359619,-7.537,-1.93,0.6359619,-6.94,0.39,0.6359619,-6.96,0.07300001,0.6359619,-7.501,-0.468,0.6359619,-7.869,-0.3338472,0.7638283,-12.22701,1,0,1,0,95.58073627,96.53880065,130.7337996,133.6799205,0.4019427,0.3638967,1.763597956,1,0
29,12182024015055651,-1.002713,3.428106,-5.724126,-1.002256,3.286276,-5.700217,-0.99981,2.847196,-5.645958,-0.9930253,2.242469,-5.593607,-1.002256,3.286276,-5.700217,-1.002256,3.286276,-5.700217,-0.9930253,2.242469,-5.593607,-0.9930253,2.242469,-5.593607,-0.6805183,3.233617,-5.680216,-0.5486556,2.711427,-5.683591,-0.6814557,2.347019,-5.974549,-0.7538744,2.258476,-6.047996,-0.6814557,2.347019,-5.974549,-1.346556,3.197747,-5.725752,-1.420924,2.717426,-5.777184,-1.217317,2.349207,-6.015738,-1.155391,2.276319,-6.034233,-1.217317,2.349207,-6.015738,-0.8282028,2.25639,-5.656584,-0.5134176,1.936394,-6.245262,-0.4046716,1.176473,-5.899294,-1.151033,2.244857,-5.674933,-1.38301,1.905327,-6.294689,-1.506583,1.137107,-5.961926,-1.086,0.6359619,-7.92,-1.636,0.6359619,-7.537,-1.93,0.6359619,-6.94,0.39,0.6359619,-6.96,0.07300001,0.6359619,-7.501,-0.468,0.6359619,-7.869,-0.3338472,0.7638283,-12.22701,1,0,1,0,96.79386097,97.60206815,131.7125452,137.3909429,0.4126447,0.3732787,1.767757489,1,0
30,12182024015056664,-1.002381,3.431997,-5.721574,-1.001608,3.290178,-5.697732,-0.9983861,2.850985,-5.643969,-0.9914942,2.24599,-5.59394,-1.001608,3.290178,-5.697732,-1.001608,3.290178,-5.697732,-0.9914942,2.24599,-5.59394,-0.9914942,2.24599,-5.59394,-0.6792632,3.236643,-5.679436,-0.5542929,2.724853,-5.693138,-0.6916403,2.354099,-5.973835,-0.7698084,2.270033,-6.032893,-0.6916403,2.354099,-5.973835,-1.345684,3.200541,-5.725611,-1.418114,2.719378,-5.778883,-1.215013,2.350142,-6.014874,-1.160703,2.276722,-6.028252,-1.215013,2.350142,-6.014874,-0.8268827,2.259274,-5.65676,-0.5087882,1.93617,-6.244199,-0.3551673,1.106195,-6.098296,-1.149593,2.248758,-5.675486,-1.38342,1.907668,-6.29495,-1.526127,1.068037,-6.166244,-1.086,0.6359619,-7.92,-1.636,0.6359619,-7.537,-1.93,0.6359619,-6.94,0.39,0.6359619,-6.96,0.07300001,0.6359619,-7.501,-0.468,0.6359619,-7.869,-0.3338472,0.7638283,-12.22701,0,0,1,0,111.3411527,111.9714485,133.6640276,137.9387533,0.3423667,0.3042087,1.784071796,0,0
31,12182024015057656,-1.02903,3.414633,-5.755163,-1.028543,3.274066,-5.728097,-1.026632,2.837728,-5.665588,-1.024147,2.235454,-5.60534,-1.028543,3.274066,-5.728097,-1.028543,3.274066,-5.728097,-1.024147,2.235454,-5.60534,-1.024147,2.235454,-5.60534,-0.7059179,3.24046,-5.715026,-0.5818795,2.723629,-5.717127,-0.7250142,2.347219,-5.986624,-0.7985483,2.267616,-6.046898,-0.7250142,2.347219,-5.986624,-1.366812,3.196113,-5.740057,-1.455447,2.722562,-5.765691,-1.271657,2.343102,-5.993134,-1.207765,2.304308,-6.020219,-1.271657,2.343102,-5.993134,-0.8603827,2.249871,-5.66845,-0.5664081,1.960908,-6.290034,-0.5666784,1.097545,-5.974255,-1.179928,2.237364,-5.686416,-1.392339,1.928581,-6.336469,-1.412002,1.06446,-6.02178,-1.086,0.6359619,-7.92,-1.636,0.6359619,-7.537,-1.93,0.6359619,-6.94,0.39,0.6359619,-6.96,0.07300001,0.6359619,-7.501,-0.468,0.6359619,-7.869,-0.3338472,0.7638283,-12.22701,0,0,1,1,94.44311395,95.52367848,133.520372,137.0724288,0.3337167,0.3006317,1.845830957,0,0
32,12182024015058673,-1.025347,3.409101,-5.747769,-1.025302,3.269491,-5.721826,-1.023957,2.835965,-5.661468,-1.020996,2.236686,-5.601059,-1.025302,3.269491,-5.721826,-1.025302,3.269491,-5.721826,-1.020996,2.236686,-5.601059,-1.020996,2.236686,-5.601059,-0.702774,3.238527,-5.709843,-0.5789739,2.717212,-5.714463,-0.7223393,2.341194,-5.985637,-0.7968886,2.256301,-6.051082,-0.7223393,2.341194,-5.985637,-1.369672,3.187013,-5.738717,-1.450139,2.713881,-5.766102,-1.216635,2.348781,-6.0182,-1.165968,2.269686,-6.035327,-1.216635,2.348781,-6.0182,-0.8560147,2.250762,-5.666314,-0.5863554,1.935224,-6.273047,-0.541301,1.188689,-5.873545,-1.178431,2.238834,-5.679386,-1.390101,1.905488,-6.305635,-1.455645,1.154862,-5.910616,-1.086,0.6359619,-7.92,-1.636,0.6359619,-7.537,-1.93,0.6359619,-6.94,0.39,0.6359619,-6.96,0.07300001,0.6359619,-7.501,-0.468,0.6359619,-7.869,-0.3338472,0.7638283,-12.22701,1,0,1,0,90.48888321,91.52039259,133.6650798,131.8674664,0.4248607,0.3910337,1.766951989,1,0
33,12182024015059661,-1.018891,3.416543,-5.74274,-1.015514,3.27588,-5.716789,-1.009303,2.841428,-5.657493,-0.9900981,2.242654,-5.604654,-1.015514,3.27588,-5.716789,-1.015514,3.27588,-5.716789,-0.9900981,2.242654,-5.604654,-0.9900981,2.242654,-5.604654,-0.697982,3.240535,-5.702214,-0.5629905,2.725026,-5.690223,-0.6976014,2.359848,-5.977431,-0.7382154,2.256967,-6.06627,-0.6976014,2.359848,-5.977431,-1.362284,3.192853,-5.744135,-1.42034,2.714205,-5.806447,-1.163863,2.365067,-6.027789,-1.1105,2.356452,-6.027368,-1.163863,2.365067,-6.027789,-0.8274792,2.258151,-5.662897,-0.6264988,2.066245,-6.508344,-0.510106,1.535769,-7.174646,-1.14489,2.242051,-5.69327,-1.158858,2.039242,-6.559285,-1.102837,1.505704,-7.231364,-1.086,0.6359619,-7.92,-1.636,0.6359619,-7.537,-1.93,0.6359619,-6.94,0.39,0.6359619,-6.96,0.07300001,0.6359619,-7.501,-0.468,0.6359619,-7.869,-0.3338472,0.7638283,-12.22701,1,0,1,0,154.1617058,154.3285524,130.2650217,134.5822107,0.7719407,0.7418757,1.927856017,1,0
34,12182024015100667,-1.041608,3.410892,-5.765833,-1.034312,3.271358,-5.737848,-1.011307,2.838618,-5.670365,-0.9809595,2.240772,-5.60872,-1.034312,3.271358,-5.737848,-1.034312,3.271358,-5.737848,-0.9809595,2.240772,-5.60872,-0.9809595,2.240772,-5.60872,-0.7190176,3.241273,-5.720398,-0.5717498,2.718546,-5.703207,-0.7015163,2.340735,-5.995677,-0.7605956,2.253437,-6.079906,-0.7015163,2.340735,-5.995677,-1.381008,3.181414,-5.760993,-1.440757,2.70336,-5.801826,-1.216006,2.330303,-6.017786,-1.151145,2.27871,-6.034672,-1.216006,2.330303,-6.017786,-0.8167261,2.260287,-5.665904,-0.4453987,1.965448,-6.232889,-0.224933,1.217899,-5.83283,-1.140648,2.23637,-5.694575,-1.359948,1.897924,-6.31384,-1.557397,1.119519,-5.950773,-1.086,0.6359619,-7.92,-1.636,0.6359619,-7.537,-1.93,0.6359619,-6.94,0.39,0.6359619,-6.96,0.07300001,0.6359619,-7.501,-0.468,0.6359619,-7.869,-0.3338472,0.7638283,-12.22701,0,0,1,0,96.6910055,97.22525929,130.1219355,137.6582647,0.4540707,0.3556907,1.801678814,0,0
35,12182024015101643,-1.029387,3.412834,-5.755762,-1.031872,3.271908,-5.72979,-1.039549,2.834692,-5.6655,-1.063235,2.233797,-5.599279,-1.031872,3.271908,-5.72979,-1.031872,3.271908,-5.72979,-1.063235,2.233797,-5.599279,-1.063235,2.233797,-5.599279,-0.7154689,3.239371,-5.730024,-0.5881071,2.704325,-5.743409,-0.7573871,2.333654,-6.008578,-0.8276037,2.246344,-6.09002,-0.7573871,2.333654,-6.008578,-1.371903,3.200245,-5.728772,-1.469502,2.728041,-5.736608,-1.298316,2.315673,-5.994906,-1.231345,2.230495,-6.031328,-1.298316,2.315673,-5.994906,-0.8997223,2.243024,-5.672255,-0.7360438,1.882632,-6.290333,-0.8020316,1.063807,-5.862591,-1.216949,2.241392,-5.670107,-1.420936,1.879109,-6.285697,-1.41824,1.060637,-5.858419,-1.086,0.6359619,-7.92,-1.636,0.6359619,-7.537,-1.93,0.6359619,-6.94,0.39,0.6359619,-6.96,0.07300001,0.6359619,-7.501,-0.468,0.6359619,-7.869,-0.3338472,0.7638283,-12.22701,1,0,1,0,91.67917707,92.75286543,132.3875765,136.3660027,0.2999787,0.2968087,1.839423949,1,0
36,12182024015120982,-0.8361615,3.07177,-3.918228,-0.8298795,2.925707,-3.879894,-0.809222,2.464819,-3.779467,-0.7819202,1.816965,-3.669315,-0.8298795,2.925707,-3.879894,-0.8298795,2.925707,-3.879894,-0.7819202,1.816965,-3.669315,-0.7819202,1.816965,-3.669315,-0.4668277,2.832461,-3.927504,-0.3196193,2.383031,-3.83382,-0.6087011,2.055464,-4.150666,-0.668488,2.025017,-4.13348,-0.6087011,2.055464,-4.150666,-1.120629,2.807078,-3.92851,-1.248958,2.280186,-3.858702,-1.251519,1.805594,-3.845497,-1.235209,1.706603,-3.824754,-1.251519,1.805594,-3.845497,-0.6238012,1.824346,-3.736318,-0.4461383,1.190522,-3.480999,-0.2110233,0.4734622,-3.079032,-0.9398299,1.81608,-3.747948,-1.068791,1.174235,-3.503914,-1.260989,0.4459983,-3.117674,-1.086,0.6359619,-7.92,-1.636,0.6359619,-7.537,-1.93,0.6359619,-6.94,0.39,0.6359619,-6.96,0.07300001,0.6359619,-7.501,-0.468,0.6359619,-7.869,-0.3338472,0.7638283,-12.22701,0,0,0,0,172.7914252,172.5993827,106.7486228,165.4836278,-0.2903661,-0.31783,1.732926253,0,0
37,12182024015122705,-0.848761,2.917652,-6.687688,-0.8575452,2.785467,-6.622852,-0.8828424,2.369383,-6.447551,-0.9170927,1.788163,-6.242297,-0.8575452,2.785467,-6.622852,-0.8575452,2.785467,-6.622852,-0.9170927,1.788163,-6.242297,-0.9170927,1.788163,-6.242297,-0.5227242,2.719904,-6.637295,-0.4288922,2.245947,-6.54259,-0.6797104,1.87836,-6.730253,-0.7557782,1.880289,-6.783813,-0.6797104,1.87836,-6.730253,-1.206117,2.690965,-6.63814,-1.327508,2.194657,-6.509109,-1.334897,1.720597,-6.490324,-1.305754,1.618306,-6.478654,-1.334897,1.720597,-6.490324,-0.7460355,1.785547,-6.308237,-0.7026453,1.106506,-6.267579,-0.7064566,0.4409134,-5.765989,-1.07969,1.806123,-6.3216,-1.191312,1.136642,-6.28715,-1.284083,0.4765348,-5.789124,-1.086,0.6359619,-7.92,-1.636,0.6359619,-7.537,-1.93,0.6359619,-6.94,0.39,0.6359619,-6.96,0.07300001,0.6359619,-7.501,-0.468,0.6359619,-7.869,-0.3338472,0.7638283,-12.22701,0,0,0,0,146.2193177,146.11461,123.9842914,162.5975153,-0.3229149,-0.2872935,1.69842382,0,0
38,12182024015123734,-0.8819333,2.633137,-6.709638,-0.8846298,2.499353,-6.644027,-0.8914151,2.078952,-6.465889,-0.8940323,1.496049,-6.255373,-0.8846298,2.499353,-6.644027,-0.8846298,2.499353,-6.644027,-0.8940323,1.496049,-6.255373,-0.8940323,1.496049,-6.255373,-0.5609224,2.454962,-6.646387,-0.4044669,1.986098,-6.591724,-0.6124629,1.780499,-6.987772,-0.6118611,1.789103,-7.036776,-0.6124629,1.780499,-6.987772,-1.234566,2.416152,-6.621728,-1.285883,1.929685,-6.543665,-1.247172,1.457069,-6.545888,-1.180053,1.342625,-6.530602,-1.247172,1.457069,-6.545888,-0.7231941,1.510217,-6.325034,-0.6231627,1.041957,-6.428782,-0.481851,0.2945259,-5.847093,-1.058427,1.511483,-6.327638,-1.164157,1.044,-6.432983,-1.316587,0.2976789,-5.853575,-1.086,0.6359619,-7.92,-1.636,0.6359619,-7.537,-1.93,0.6359619,-6.94,0.39,0.6359619,-6.96,0.07300001,0.6359619,-7.501,-0.468,0.6359619,-7.869,-0.3338472,0.7638283,-12.22701,0,0,0,0,130.3530473,130.332624,99.92686065,165.829475,-0.4693024,-0.4661494,1.63256711,0,0
39,12182024015124729,-0.9019124,2.587833,-6.685454,-0.8991276,2.451189,-6.621348,-0.8903052,2.024606,-6.448082,-0.876062,1.437036,-6.241736,-0.8991276,2.451189,-6.621348,-0.8991276,2.451189,-6.621348,-0.876062,1.437036,-6.241736,-0.876062,1.437036,-6.241736,-0.5787876,2.400747,-6.619084,-0.4046977,1.954647,-6.523031,-0.5308678,1.661875,-6.881009,-0.4942078,1.691347,-6.945548,-0.5308678,1.661875,-6.881009,-1.243359,2.356905,-6.601359,-1.292028,1.85854,-6.521453,-1.255708,1.387914,-6.523143,-1.184739,1.235947,-6.500613,-1.255708,1.387914,-6.523143,-0.7048908,1.45853,-6.311407,-0.5937414,1.09,-6.438472,-0.3836913,0.3431513,-5.855945,-1.041791,1.447259,-6.313973,-1.134863,1.071897,-6.442593,-1.314502,0.3120124,-5.863034,-1.086,0.6359619,-7.92,-1.636,0.6359619,-7.537,-1.93,0.6359619,-6.94,0.39,0.6359619,-6.96,0.07300001,0.6359619,-7.501,-0.468,0.6359619,-7.869,-0.3338472,0.7638283,-12.22701,0,0,0,0,124.8215164,125.0163979,108.4918754,166.399949,-0.420677,-0.4518159,1.561585581,0,0
40,12182024015125703,-0.8981106,2.580115,-6.708104,-0.8977306,2.446343,-6.631562,-0.8873435,2.027403,-6.436032,-0.8711465,1.461023,-6.168049,-0.8977306,2.446343,-6.631562,-0.8977306,2.446343,-6.631562,-0.8711465,1.461023,-6.168049,-0.8711465,1.461023,-6.168049,-0.5817191,2.407251,-6.636752,-0.4164428,1.958019,-6.532578,-0.4672206,1.733111,-6.979866,-0.4420825,1.714438,-7.017071,-0.4672206,1.733111,-6.979866,-1.240705,2.380443,-6.627706,-1.317985,1.898809,-6.552788,-1.273429,1.427727,-6.528993,-1.201392,1.281617,-6.502893,-1.273429,1.427727,-6.528993,-0.7068827,1.483708,-6.233945,-0.5642973,1.084584,-6.411325,-0.3495394,0.360729,-5.840451,-1.0306,1.46904,-6.242877,-1.130486,1.05893,-6.426945,-1.316001,0.316938,-5.867115,-1.086,0.6359619,-7.92,-1.636,0.6359619,-7.537,-1.93,0.6359619,-6.94,0.39,0.6359619,-6.96,0.07300001,0.6359619,-7.501,-0.468,0.6359619,-7.869,-0.3338472,0.7638283,-12.22701,0,0,0,0,120.1245399,120.2353239,100.7658277,164.4214091,-0.4030993,-0.4468903,1.584635515,0,0
41,12182024015126725,-0.7927554,3.282804,-6.902296,-0.7937315,3.172935,-6.808177,-0.7951024,2.828889,-6.541696,-0.7947706,2.355568,-6.207723,-0.7937315,3.172935,-6.808177,-0.7937315,3.172935,-6.808177,-0.7947706,2.355568,-6.207723,-0.7947706,2.355568,-6.207723,-0.4678072,3.172421,-6.854049,-0.3112707,2.787692,-6.649306,-0.5033386,2.427402,-6.916556,-0.5107169,2.448395,-6.964435,-0.5033386,2.427402,-6.916556,-1.139584,3.14042,-6.830758,-1.212668,2.717628,-6.647511,-1.108945,2.312795,-6.457022,-1.03392,2.183483,-6.395554,-1.108945,2.312795,-6.457022,-0.6191651,2.357903,-6.265265,-0.4737686,1.678671,-6.143163,-0.3352935,0.9047215,-5.807073,-0.9648893,2.361401,-6.29528,-1.068648,1.68469,-6.194809,-1.182771,0.9132962,-5.88065,-1.086,0.6359619,-7.92,-1.636,0.6359619,-7.537,-1.93,0.6359619,-6.94,0.39,0.6359619,-6.96,0.07300001,0.6359619,-7.501,-0.468,0.6359619,-7.869,-0.3338472,0.7638283,-12.22701,1,0,1,0,166.695097,166.402378,103.781529,157.8658509,0.1408932,0.1494679,1.745138304,1,0
42,12182024015127705,-0.8127639,3.48403,-5.782789,-0.8068104,3.3334,-5.765949,-0.7891487,2.865931,-5.727948,-0.7699411,2.231429,-5.671632,-0.8068104,3.3334,-5.765949,-0.8068104,3.3334,-5.765949,-0.7699411,2.231429,-5.671632,-0.7699411,2.231429,-5.671632,-0.4773596,3.275386,-5.749363,-0.310669,2.791037,-5.71319,-0.4946751,2.574722,-6.105901,-0.5241488,2.581666,-6.155563,-0.4946751,2.574722,-6.105901,-1.146918,3.204786,-5.820724,-1.210204,2.712956,-5.889112,-0.9632131,2.336542,-6.094034,-0.9389408,2.223931,-6.115498,-0.9632131,2.336542,-6.094034,-0.6198438,2.24796,-5.732162,-0.3042881,1.931921,-6.376944,-0.2680625,1.11674,-6.338955,-0.9163217,2.227629,-5.755764,-1.089848,1.878052,-6.439483,-1.070907,1.061685,-6.402869,-1.086,0.6359619,-7.92,-1.636,0.6359619,-7.537,-1.93,0.6359619,-6.94,0.39,0.6359619,-6.96,0.07300001,0.6359619,-7.501,-0.468,0.6359619,-7.869,-0.3338472,0.7638283,-12.22701,1,0,1,0,112.4397011,113.5447714,103.9261685,137.8279003,0.3529117,0.2978567,1.773551135,1,0
43,12182024015128706,-0.8224956,3.492132,-5.751827,-0.8186109,3.345959,-5.73657,-0.8053527,2.890187,-5.708565,-0.7841626,2.254699,-5.70034,-0.8186109,3.345959,-5.73657,-0.8186109,3.345959,-5.73657,-0.7841626,2.254699,-5.70034,-0.7841626,2.254699,-5.70034,-0.4817495,3.270774,-5.690161,-0.3180563,2.767794,-5.602624,-0.4459978,2.43513,-6.005371,-0.4914355,2.300147,-6.011572,-0.4459978,2.43513,-6.005371,-1.153406,3.215642,-5.826133,-1.213706,2.727645,-5.879577,-0.9601605,2.374685,-6.103324,-0.8958075,2.274509,-6.129267,-0.9601605,2.374685,-6.103324,-0.6306381,2.265746,-5.742784,-0.275659,1.885116,-6.293633,-0.1740386,1.064652,-6.074257,-0.9334544,2.25525,-5.802804,-1.001524,1.859954,-6.437505,-1.122171,1.031785,-6.262183,-1.086,0.6359619,-7.92,-1.636,0.6359619,-7.537,-1.93,0.6359619,-6.94,0.39,0.6359619,-6.96,0.07300001,0.6359619,-7.501,-0.468,0.6359619,-7.869,-0.3338472,0.7638283,-12.22701,1,0,1,0,110.5484587,110.4494591,112.6681343,134.3200994,0.3008237,0.2679567,1.786974545,1,0
44,12182024015129726,-0.8116826,3.447601,-5.797648,-0.8127143,3.303388,-5.778091,-0.8128163,2.854041,-5.739288,-0.8148445,2.226321,-5.713239,-0.8127143,3.303388,-5.778091,-0.8127143,3.303388,-5.778091,-0.8148445,2.226321,-5.713239,-0.8148445,2.226321,-5.713239,-0.4719524,3.238763,-5.765656,-0.317741,2.688714,-5.706388,-0.5137196,2.359463,-6.042495,-0.5750184,2.300684,-6.06685,-0.5137196,2.359463,-6.042495,-1.152465,3.198363,-5.814723,-1.255658,2.719863,-5.826488,-1.04688,2.369737,-6.090796,-1.003486,2.268877,-6.118653,-1.04688,2.369737,-6.090796,-0.6606027,2.2351,-5.773042,-0.282952,1.907115,-6.329818,-0.1831511,1.154289,-6.382843,-0.9646598,2.229429,-5.798938,-1.233587,1.889386,-6.410784,-1.322388,1.133042,-6.479872,-1.086,0.6359619,-7.92,-1.636,0.6359619,-7.537,-1.93,0.6359619,-6.94,0.39,0.6359619,-6.96,0.07300001,0.6359619,-7.501,-0.468,0.6359619,-7.869,-0.3338472,0.7638283,-12.22701,0,0,1,0,123.4576852,124.3260222,116.5761417,128.8125955,0.3904607,0.3692137,1.687160382,0,0
45,12182024015130715,-0.8305808,3.42265,-5.822855,-0.8286635,3.280053,-5.801123,-0.8232545,2.837031,-5.754622,-0.8113284,2.218846,-5.717647,-0.8286635,3.280053,-5.801123,-0.8286635,3.280053,-5.801123,-0.8113284,2.218846,-5.717647,-0.8113284,2.218846,-5.717647,-0.4823125,3.232314,-5.779315,-0.3164102,2.705833,-5.687243,-0.4324064,2.367967,-6.018595,-0.5223159,2.296608,-6.045073,-0.4324064,2.367967,-6.018595,-1.160064,3.188648,-5.839374,-1.262475,2.70595,-5.837044,-1.013771,2.379607,-6.101504,-0.964462,2.275794,-6.132614,-1.013771,2.379607,-6.101504,-0.654066,2.230299,-5.777476,-0.5039625,1.885888,-6.460387,-0.3798331,1.082698,-6.673882,-0.9628524,2.219539,-5.80413,-0.9693789,1.86967,-6.500561,-1.015629,1.060543,-6.728764,-1.086,0.6359619,-7.92,-1.636,0.6359619,-7.537,-1.93,0.6359619,-6.94,0.39,0.6359619,-6.96,0.07300001,0.6359619,-7.501,-0.468,0.6359619,-7.869,-0.3338472,0.7638283,-12.22701,0,0,0,0,132.3311285,132.3789677,118.0275102,123.0702322,0.3188697,0.2967147,1.795833673,0,0
46,12182024015131719,-0.8423812,3.412116,-5.828038,-0.8351533,3.270345,-5.806304,-0.8151512,2.82726,-5.758911,-0.7727961,2.212156,-5.719069,-0.8351533,3.270345,-5.806304,-0.8351533,3.270345,-5.806304,-0.7727961,2.212156,-5.719069,-0.7727961,2.212156,-5.719069,-0.4932547,3.226326,-5.765747,-0.3193733,2.71445,-5.670481,-0.4347817,2.386685,-6.028253,-0.4910801,2.292678,-6.060985,-0.4347817,2.386685,-6.028253,-1.175681,3.161669,-5.846216,-1.252569,2.683744,-5.8793,-1.006552,2.342599,-6.120975,-0.9453043,2.2419,-6.15184,-1.006552,2.342599,-6.120975,-0.614225,2.229742,-5.772603,-0.3177445,1.837187,-6.327186,-0.1105556,1.040444,-6.059831,-0.9269908,2.207964,-5.810477,-1.009736,1.789003,-6.410984,-1.152302,0.967907,-6.185983,-1.086,0.6359619,-7.92,-1.636,0.6359619,-7.537,-1.93,0.6359619,-6.94,0.39,0.6359619,-6.96,0.07300001,0.6359619,-7.501,-0.468,0.6359619,-7.869,-0.3338472,0.7638283,-12.22701,0,0,1,0,110.6150343,110.3008338,114.5206343,130.2648885,0.2766157,0.2040787,1.779395956,0,0
47,12182024015132743,-0.8258622,3.408891,-5.807016,-0.8194773,3.265815,-5.789159,-0.79836,2.82141,-5.751393,-0.7612275,2.208245,-5.718443,-0.8194773,3.265815,-5.789159,-0.8194773,3.265815,-5.789159,-0.7612275,2.208245,-5.718443,-0.7612275,2.208245,-5.718443,-0.4827432,3.213274,-5.747743,-0.312867,2.702732,-5.671529,-0.4367128,2.384423,-6.028115,-0.5096048,2.280854,-6.056532,-0.4367128,2.384423,-6.028115,-1.16446,3.151609,-5.825794,-1.245095,2.678268,-5.871875,-1.009155,2.335088,-6.124641,-0.9489152,2.230819,-6.15861,-1.009155,2.335088,-6.124641,-0.6034443,2.226322,-5.771434,-0.2342501,1.869145,-6.311807,-0.02698439,1.109179,-5.981268,-0.9150871,2.203525,-5.80989,-1.07882,1.807361,-6.416025,-1.257901,1.019134,-6.133162,-1.086,0.6359619,-7.92,-1.636,0.6359619,-7.537,-1.93,0.6359619,-6.94,0.39,0.6359619,-6.96,0.07300001,0.6359619,-7.501,-0.468,0.6359619,-7.869,-0.3338472,0.7638283,-12.22701,0,0,1,0,105.4198004,105.5217485,115.2104516,131.2897516,0.3453507,0.2553057,1.777821869,0,0
48,12182024015133721,-0.8180213,3.407005,-5.799295,-0.812154,3.263741,-5.782002,-0.7924033,2.81924,-5.747098,-0.7608463,2.205639,-5.717525,-0.812154,3.263741,-5.782002,-0.812154,3.263741,-5.782002,-0.7608463,2.205639,-5.717525,-0.7608463,2.205639,-5.717525,-0.4764502,3.207407,-5.742916,-0.3081329,2.690883,-5.676439,-0.4656787,2.380139,-6.02058,-0.5271298,2.286688,-6.050677,-0.4656787,2.380139,-6.02058,-1.158394,3.150397,-5.814471,-1.243166,2.678596,-5.857531,-1.01637,2.337426,-6.120488,-0.9607377,2.231602,-6.156775,-1.01637,2.337426,-6.120488,-0.6039069,2.222157,-5.772195,-0.2371586,1.868685,-6.319598,-0.0516867,1.09615,-6.024268,-0.9147726,2.201991,-5.807128,-1.096436,1.812943,-6.41616,-1.255001,1.01809,-6.159492,-1.086,0.6359619,-7.92,-1.636,0.6359619,-7.537,-1.93,0.6359619,-6.94,0.39,0.6359619,-6.96,0.07300001,0.6359619,-7.501,-0.468,0.6359619,-7.869,-0.3338472,0.7638283,-12.22701,0,0,1,0,106.4457348,106.6688621,114.4916618,130.7901367,0.3323217,0.2542617,1.773499009,0,0
49,12182024015134701,-0.8214846,3.380607,-5.836231,-0.8220063,3.239477,-5.812321,-0.822037,2.799803,-5.761954,-0.8307006,2.18938,-5.718987,-0.8220063,3.239477,-5.812321,-0.8220063,3.239477,-5.812321,-0.8307006,2.18938,-5.718987,-0.8307006,2.18938,-5.718987,-0.485331,3.200713,-5.806013,-0.3251212,2.659153,-5.755241,-0.5466614,2.333509,-6.070369,-0.5945849,2.263872,-6.108697,-0.5466614,2.333509,-6.070369,-1.16397,3.150394,-5.809326,-1.279451,2.687484,-5.79798,-1.095674,2.342097,-6.082803,-1.043644,2.239613,-6.125622,-1.095674,2.342097,-6.082803,-0.6695533,2.201263,-5.786223,-0.3957369,1.87631,-6.393004,-0.2728632,1.072448,-6.758356,-0.985383,2.192113,-5.796249,-1.225712,1.852264,-6.419351,-1.341999,1.041473,-6.792295,-1.086,0.6359619,-7.92,-1.636,0.6359619,-7.537,-1.93,0.6359619,-6.94,0.39,0.6359619,-6.96,0.07300001,0.6359619,-7.501,-0.468,0.6359619,-7.869,-0.3338472,0.7638283,-12.22701,0,0,1,0,141.4599533,142.6167864,115.8842332,125.9022404,0.3086197,0.2776447,1.822262588,0,0
50,12182024015135710,-0.8385906,3.369615,-5.849542,-0.835385,3.229323,-5.824441,-0.8185074,2.793377,-5.766209,-0.7658064,2.194577,-5.713756,-0.835385,3.229323,-5.824441,-0.835385,3.229323,-5.824441,-0.7658064,2.194577,-5.713756,-0.7658064,2.194577,-5.713756,-0.4999861,3.199583,-5.787586,-0.3272066,2.693074,-5.679094,-0.4463612,2.365586,-6.008925,-0.4956533,2.26557,-6.043817,-0.4463612,2.365586,-6.008925,-1.177989,3.135811,-5.828313,-1.257565,2.65152,-5.875892,-0.9953383,2.294122,-6.135941,-0.9112396,2.204812,-6.159399,-0.9953383,2.294122,-6.135941,-0.6009718,2.214482,-5.772521,-0.3524984,1.829561,-6.367401,-0.1747374,0.9914402,-6.222029,-0.9248488,2.188668,-5.799809,-0.9917066,1.778614,-6.421257,-1.030724,0.9232144,-6.294149,-1.086,0.6359619,-7.92,-1.636,0.6359619,-7.537,-1.93,0.6359619,-6.94,0.39,0.6359619,-6.96,0.07300001,0.6359619,-7.501,-0.468,0.6359619,-7.869,-0.3338472,0.7638283,-12.22701,0,0,1,0,115.4407683,115.0871904,114.7043439,130.5040287,0.2276119,0.1593861,1.795991406,0,0
51,12182024015136748,-0.8383731,3.366625,-5.853368,-0.8281967,3.22556,-5.827851,-0.7903177,2.787413,-5.767987,-0.7306895,2.181617,-5.712082,-0.8281967,3.22556,-5.827851,-0.8281967,3.22556,-5.827851,-0.7306895,2.181617,-5.712082,-0.7306895,2.181617,-5.712082,-0.4943138,3.196158,-5.754576,-0.318995,2.710571,-5.63348,-0.4095193,2.380689,-5.983549,-0.4491855,2.266685,-6.02397,-0.4095193,2.380689,-5.983549,-1.170446,3.125718,-5.865218,-1.231071,2.63759,-5.928493,-0.9724019,2.279251,-6.149805,-0.8959278,2.204106,-6.159831,-0.9724019,2.279251,-6.149805,-0.5710884,2.204209,-5.753758,-0.1616924,1.874406,-6.303869,-0.009218037,1.058098,-6.051908,-0.8874725,2.1724,-5.817503,-0.9497117,1.795178,-6.462639,-1.001599,0.9583226,-6.251852,-1.086,0.6359619,-7.92,-1.636,0.6359619,-7.537,-1.93,0.6359619,-6.94,0.39,0.6359619,-6.96,0.07300001,0.6359619,-7.501,-0.468,0.6359619,-7.869,-0.3338472,0.7638283,-12.22701,1,0,1,0,106.9976783,106.3880506,113.1225396,134.9704875,0.2942697,0.1944943,1.803620448,1,0
52,12182024015137732,-0.8365366,3.359425,-5.860484,-0.82574,3.21887,-5.8339,-0.7910936,2.781381,-5.772406,-0.7498533,2.175261,-5.714944,-0.82574,3.21887,-5.8339,-0.82574,3.21887,-5.8339,-0.7498533,2.175261,-5.714944,-0.7498533,2.175261,-5.714944,-0.4934887,3.191848,-5.769798,-0.3207748,2.695798,-5.663452,-0.4245414,2.334302,-6.022518,-0.4854869,2.265978,-6.050191,-0.4245414,2.334302,-6.022518,-1.172617,3.124899,-5.868292,-1.262834,2.64741,-5.889975,-1.005376,2.312635,-6.134645,-0.9217271,2.215328,-6.163363,-1.005376,2.312635,-6.134645,-0.5896748,2.196191,-5.760039,-0.2249854,1.858224,-6.324992,-0.130304,1.001427,-6.055613,-0.9078691,2.169227,-5.815399,-0.9805379,1.794198,-6.456446,-1.019115,0.9261072,-6.21025,-1.086,0.6359619,-7.92,-1.636,0.6359619,-7.537,-1.93,0.6359619,-6.94,0.39,0.6359619,-6.96,0.07300001,0.6359619,-7.501,-0.468,0.6359619,-7.869,-0.3338472,0.7638283,-12.22701,0,0,1,0,104.6509756,104.6574261,116.2415979,126.713822,0.2375987,0.1622789,1.836728605,0,0
53,12182024015138776,-0.8492494,3.361483,-5.867932,-0.8389331,3.220721,-5.841092,-0.8093231,2.783847,-5.780384,-0.7699306,2.180569,-5.722579,-0.8389331,3.220721,-5.841092,-0.8389331,3.220721,-5.841092,-0.7699306,2.180569,-5.722579,-0.7699306,2.180569,-5.722579,-0.5045329,3.196929,-5.787036,-0.330076,2.699404,-5.67981,-0.4441129,2.350297,-6.021753,-0.4814519,2.244136,-6.0595,-0.4441129,2.350297,-6.021753,-1.185251,3.120964,-5.885999,-1.270369,2.646995,-5.899018,-0.9557923,2.331143,-6.138355,-0.8698003,2.257787,-6.16212,-0.9557923,2.331143,-6.138355,-0.6076738,2.199218,-5.771296,-0.4160319,1.87805,-6.447565,-0.2513638,1.063945,-6.414872,-0.9284992,2.177117,-5.818377,-0.8526429,1.847974,-6.511639,-0.8922855,1.019795,-6.508928,-1.086,0.6359619,-7.92,-1.636,0.6359619,-7.537,-1.93,0.6359619,-6.94,0.39,0.6359619,-6.96,0.07300001,0.6359619,-7.501,-0.468,0.6359619,-7.869,-0.3338472,0.7638283,-12.22701,1,0,1,0,114.9441887,114.7511317,115.7120296,121.1397725,0.3001167,0.2559667,1.785592724,0,0
54,12182024015139754,-0.8276415,3.364217,-5.851166,-0.8253141,3.223437,-5.830412,-0.8103716,2.786138,-5.780993,-0.7844142,2.184636,-5.725187,-0.8253141,3.223437,-5.830412,-0.8253141,3.223437,-5.830412,-0.7844142,2.184636,-5.725187,-0.7844142,2.184636,-5.725187,-0.4954077,3.193709,-5.79416,-0.3196863,2.676251,-5.703911,-0.4714884,2.329249,-6.016558,-0.5438955,2.243202,-6.101268,-0.4714884,2.329249,-6.016558,-1.167659,3.123598,-5.850914,-1.260289,2.648415,-5.869526,-1.035301,2.291702,-6.130742,-0.987648,2.184817,-6.168321,-1.035301,2.291702,-6.130742,-0.6185779,2.200577,-5.781431,-0.2531399,1.840981,-6.326087,-0.05667043,1.085736,-5.88625,-0.9479621,2.18459,-5.811539,-1.160857,1.796924,-6.409059,-1.355303,1.022705,-6.004952,-1.086,0.6359619,-7.92,-1.636,0.6359619,-7.537,-1.93,0.6359619,-6.94,0.39,0.6359619,-6.96,0.07300001,0.6359619,-7.501,-0.468,0.6359619,-7.869,-0.3338472,0.7638283,-12.22701,0,0,1,0,98.9135001,98.65331888,117.2772455,129.7002603,0.3219077,0.2588767,1.823063582,0,0
55,12182024015140747,-0.8139114,3.368497,-5.834145,-0.8170984,3.227287,-5.814712,-0.8249846,2.789536,-5.771029,-0.8443936,2.184248,-5.728418,-0.8170984,3.227287,-5.814712,-0.8170984,3.227287,-5.814712,-0.8443936,2.184248,-5.728418,-0.8443936,2.184248,-5.728418,-0.4846812,3.185065,-5.8045,-0.3252169,2.64885,-5.762409,-0.563598,2.315637,-6.05374,-0.6183776,2.220069,-6.136171,-0.563598,2.315637,-6.05374,-1.160344,3.139653,-5.801167,-1.276748,2.67011,-5.809024,-1.092151,2.33837,-6.102695,-1.010062,2.287251,-6.128562,-1.092151,2.33837,-6.102695,-0.677889,2.193142,-5.799126,-0.6333656,1.938215,-6.645392,-0.6149328,1.585275,-7.347977,-1.004382,2.189177,-5.803701,-1.039369,1.933285,-6.651083,-1.055615,1.579924,-7.354154,-1.086,0.6359619,-7.92,-1.636,0.6359619,-7.537,-1.93,0.6359619,-6.94,0.39,0.6359619,-6.96,0.07300001,0.6359619,-7.501,-0.468,0.6359619,-7.869,-0.3338472,0.7638283,-12.22701,1,0,0,0,169.9797069,170.0649739,117.0819051,126.0277475,0.8214467,0.8160957,1.852532594,1,0
56,12182024015141724,-0.8802243,3.350083,-5.871593,-0.8681601,3.211043,-5.846505,-0.8384017,2.778296,-5.788258,-0.780876,2.176737,-5.740618,-0.8681601,3.211043,-5.846505,-0.8681601,3.211043,-5.846505,-0.780876,2.176737,-5.740618,-0.780876,2.176737,-5.740618,-0.5275793,3.189947,-5.80876,-0.3527078,2.685781,-5.720008,-0.465163,2.32247,-6.024732,-0.5289116,2.239382,-6.093828,-0.465163,2.32247,-6.024732,-1.213845,3.1077,-5.880778,-1.289466,2.63318,-5.90753,-1.018738,2.285144,-6.152759,-0.9620507,2.22843,-6.159208,-1.018738,2.285144,-6.152759,-0.6120931,2.199757,-5.795894,-0.3261989,1.844803,-6.375082,-0.14211,1.057135,-6.01778,-0.9444085,2.16919,-5.829823,-1.024334,1.780588,-6.446359,-1.112121,0.9679122,-6.116815,-1.086,0.6359619,-7.92,-1.636,0.6359619,-7.537,-1.93,0.6359619,-6.94,0.39,0.6359619,-6.96,0.07300001,0.6359619,-7.501,-0.468,0.6359619,-7.869,-0.3338472,0.7638283,-12.22701,0,0,1,0,101.0818681,100.6710305,121.1722799,128.5255023,0.2933067,0.2040839,1.800921215,0,0
57,12182024015142729,-0.8426927,3.359766,-5.835884,-0.8468266,3.218513,-5.816327,-0.8431747,2.78144,-5.7756,-0.8719853,2.179924,-5.727678,-0.8468266,3.218513,-5.816327,-0.8468266,3.218513,-5.816327,-0.8719853,2.179924,-5.727678,-0.8719853,2.179924,-5.727678,-0.5088828,3.181204,-5.817086,-0.3562399,2.629521,-5.799588,-0.5835708,2.256406,-6.083338,-0.654603,2.200517,-6.171963,-0.5835708,2.256406,-6.083338,-1.186156,3.127997,-5.80209,-1.297246,2.668334,-5.790456,-1.169654,2.293986,-6.08386,-1.109738,2.205476,-6.124245,-1.169654,2.293986,-6.08386,-0.7077612,2.188159,-5.80275,-0.4819641,1.880117,-6.462899,-0.3052102,1.509797,-7.192356,-1.028641,2.186595,-5.797132,-1.310868,1.876079,-6.448387,-1.543232,1.503766,-7.170681,-1.086,0.6359619,-7.92,-1.636,0.6359619,-7.537,-1.93,0.6359619,-6.94,0.39,0.6359619,-6.96,0.07300001,0.6359619,-7.501,-0.468,0.6359619,-7.869,-0.3338472,0.7638283,-12.22701,0,0,1,0,174.6457269,174.3378944,123.8477205,131.5432371,0.7459687,0.7399377,1.791394527,0,0
58,12182024015143714,-0.8579405,3.355505,-5.853551,-0.8594161,3.215474,-5.828349,-0.8662992,2.778151,-5.775449,-0.8800816,2.177498,-5.723807,-0.8594161,3.215474,-5.828349,-0.8594161,3.215474,-5.828349,-0.8800816,2.177498,-5.723807,-0.8800816,2.177498,-5.723807,-0.5233397,3.176159,-5.83674,-0.363361,2.639516,-5.789204,-0.5680932,2.289121,-6.050754,-0.6240005,2.230487,-6.12934,-0.5680932,2.289121,-6.050754,-1.201941,3.128758,-5.799829,-1.319579,2.663619,-5.789674,-1.124114,2.287093,-6.094419,-1.068575,2.180767,-6.1508,-1.124114,2.287093,-6.094419,-0.7103513,2.188072,-5.802463,-0.6134039,1.81896,-6.430877,-0.6542065,1.055129,-6.027542,-1.039999,2.182974,-5.789357,-1.216048,1.80964,-6.406917,-1.185909,1.046907,-6.006403,-1.086,0.6359619,-7.92,-1.636,0.6359619,-7.537,-1.93,0.6359619,-6.94,0.39,0.6359619,-6.96,0.07300001,0.6359619,-7.501,-0.468,0.6359619,-7.869,-0.3338472,0.7638283,-12.22701,1,0,1,0,92.21046883,92.87416453,121.7677634,126.4839279,0.2913007,0.2830787,1.787331007,1,0
59,12182024015144718,-0.8570149,3.350244,-5.845806,-0.8529902,3.210549,-5.8228,-0.8342306,2.77715,-5.770718,-0.7926554,2.178447,-5.729773,-0.8529902,3.210549,-5.8228,-0.8529902,3.210549,-5.8228,-0.7926554,2.178447,-5.729773,-0.7926554,2.178447,-5.729773,-0.5125331,3.180131,-5.777266,-0.3420739,2.672025,-5.683709,-0.4767802,2.289954,-6.064865,-0.5202616,2.181978,-6.122992,-0.4767802,2.289954,-6.064865,-1.194697,3.117436,-5.82988,-1.277858,2.636198,-5.886877,-1.023939,2.307525,-6.146793,-0.9532744,2.222419,-6.168122,-1.023939,2.307525,-6.146793,-0.6239073,2.195079,-5.783809,-0.3452308,1.956094,-6.531174,-0.07636917,1.749747,-7.287539,-0.956828,2.175146,-5.819732,-1.023702,1.915471,-6.604382,-1.093746,1.688832,-7.397315,-1.086,0.6359619,-7.92,-1.636,0.6359619,-7.537,-1.93,0.6359619,-6.94,0.39,0.6359619,-6.96,0.07300001,0.6359619,-7.501,-0.468,0.6359619,-7.869,-0.3338472,0.7638283,-12.22701,1,0,1,0,177.5830902,177.6365193,116.6022983,129.0802998,0.9859187,0.9250037,1.844092467,1,0
60,12182024015145727,-0.8421173,3.33508,-5.868804,-0.8369371,3.195245,-5.843583,-0.8175125,2.762377,-5.786131,-0.7862459,2.164057,-5.735384,-0.8369371,3.195245,-5.843583,-0.8369371,3.195245,-5.843583,-0.7862459,2.164057,-5.735384,-0.7862459,2.164057,-5.735384,-0.5010401,3.16687,-5.795647,-0.3343417,2.656047,-5.709275,-0.5008445,2.320587,-6.01748,-0.5446839,2.218041,-6.125272,-0.5008445,2.320587,-6.01748,-1.184397,3.109409,-5.874652,-1.278544,2.637594,-5.899596,-1.035359,2.289715,-6.142432,-0.9647579,2.171869,-6.175837,-1.035359,2.289715,-6.142432,-0.6227411,2.181045,-5.786168,-0.3088357,1.817217,-6.352498,-0.1165559,1.093963,-6.818596,-0.945949,2.161497,-5.830819,-1.03253,1.773446,-6.452477,-1.000106,1.040524,-6.94066,-1.086,0.6359619,-7.92,-1.636,0.6359619,-7.537,-1.93,0.6359619,-6.94,0.39,0.6359619,-6.96,0.07300001,0.6359619,-7.501,-0.468,0.6359619,-7.869,-0.3338472,0.7638283,-12.22701,1,0,1,0,153.7833007,154.1251515,116.3071226,128.6995764,0.3301347,0.2766957,1.805211578,1,0
61,12182024015146723,-0.8433141,3.340232,-5.870656,-0.8349968,3.199386,-5.844991,-0.8096565,2.763279,-5.788051,-0.765689,2.162783,-5.731716,-0.8349968,3.199386,-5.844991,-0.8349968,3.199386,-5.844991,-0.765689,2.162783,-5.731716,-0.765689,2.162783,-5.731716,-0.5045216,3.172217,-5.778082,-0.3357755,2.675064,-5.66702,-0.4267408,2.309662,-6.004939,-0.4910647,2.230042,-6.081051,-0.4267408,2.309662,-6.004939,-1.178224,3.11129,-5.890675,-1.254808,2.630419,-5.934246,-0.9981865,2.275635,-6.152084,-0.918071,2.167006,-6.186736,-0.9981865,2.275635,-6.152084,-0.6063327,2.181326,-5.777835,-0.1776887,1.831385,-6.285161,0.1500267,1.107841,-5.821722,-0.92144,2.159823,-5.830247,-1.082396,1.769647,-6.43564,-1.412436,1.001216,-6.081605,-1.086,0.6359619,-7.92,-1.636,0.6359619,-7.537,-1.93,0.6359619,-6.94,0.39,0.6359619,-6.96,0.07300001,0.6359619,-7.501,-0.468,0.6359619,-7.869,-0.3338472,0.7638283,-12.22701,0,0,1,0,103.2775938,101.9360265,118.3150627,132.1488921,0.3440127,0.2373877,1.837258038,0,0
62,12182024015147743,-0.8214169,3.348253,-5.832927,-0.8231621,3.206754,-5.813372,-0.8238889,2.76967,-5.766336,-0.8395767,2.166438,-5.720932,-0.8231621,3.206754,-5.813372,-0.8231621,3.206754,-5.813372,-0.8395767,2.166438,-5.720932,-0.8395767,2.166438,-5.720932,-0.494778,3.16379,-5.791705,-0.3407675,2.630414,-5.77748,-0.5666232,2.305771,-6.062845,-0.6362532,2.20826,-6.14747,-0.5666232,2.305771,-6.062845,-1.169564,3.129667,-5.803634,-1.28535,2.649335,-5.807695,-1.159869,2.275075,-6.084024,-1.097103,2.184539,-6.139454,-1.159869,2.275075,-6.084024,-0.6768346,2.17586,-5.792694,-0.3808833,1.799977,-6.357591,-0.2625405,1.050194,-5.971223,-0.9966316,2.172732,-5.792392,-1.315259,1.790838,-6.356709,-1.473817,1.038347,-5.970079,-1.086,0.6359619,-7.92,-1.636,0.6359619,-7.537,-1.93,0.6359619,-6.94,0.39,0.6359619,-6.96,0.07300001,0.6359619,-7.501,-0.468,0.6359619,-7.869,-0.3338472,0.7638283,-12.22701,0,0,1,0,98.99660468,100.6549922,119.730614,134.3275107,0.2863657,0.2745187,1.785608591,0,0
63,12182024015148729,-0.8187521,3.350052,-5.828708,-0.8241361,3.209264,-5.807465,-0.8419835,2.77316,-5.760713,-0.8749935,2.168846,-5.720363,-0.8241361,3.209264,-5.807465,-0.8241361,3.209264,-5.807465,-0.8749935,2.168846,-5.720363,-0.8749935,2.168846,-5.720363,-0.4930819,3.161307,-5.809247,-0.3467884,2.620545,-5.803304,-0.5806662,2.288252,-6.089947,-0.6394236,2.224334,-6.144073,-0.5806662,2.288252,-6.089947,-1.172605,3.134384,-5.796291,-1.294808,2.655545,-5.789143,-1.166654,2.284334,-6.089461,-1.112231,2.217386,-6.105463,-1.166654,2.284334,-6.089461,-0.7094672,2.174378,-5.796308,-0.4876465,1.821599,-6.403697,-0.2990254,1.195203,-7.032782,-1.033344,2.178449,-5.787615,-1.333034,1.832224,-6.381007,-1.621634,1.211827,-6.997283,-1.086,0.6359619,-7.92,-1.636,0.6359619,-7.537,-1.93,0.6359619,-6.94,0.39,0.6359619,-6.96,0.07300001,0.6359619,-7.501,-0.468,0.6359619,-7.869,-0.3338472,0.7638283,-12.22701,0,0,1,0,164.7296987,165.0920007,121.0693712,130.88832,0.4313747,0.4479987,1.842698274,0,0
64,12182024015149711,-0.8300878,3.387869,-5.773022,-0.8344474,3.241513,-5.762424,-0.8493925,2.789076,-5.742569,-0.8747662,2.173477,-5.718063,-0.8344474,3.241513,-5.762424,-0.8344474,3.241513,-5.762424,-0.8747662,2.173477,-5.718063,-0.8747662,2.173477,-5.718063,-0.4971943,3.183452,-5.782759,-0.3556603,2.63839,-5.791477,-0.5697438,2.287519,-6.049682,-0.6388441,2.202396,-6.146622,-0.5697438,2.287519,-6.049682,-1.184019,3.135928,-5.794726,-1.298256,2.656678,-5.799351,-1.144154,2.290324,-6.085828,-1.082997,2.179705,-6.141218,-1.144154,2.290324,-6.085828,-0.7113808,2.181376,-5.7925,-0.5352515,1.772276,-6.37285,-0.5185623,0.9569556,-6.046079,-1.029377,2.180304,-5.788164,-1.263255,1.769823,-6.362926,-1.34017,0.9541861,-6.034878,-1.086,0.6359619,-7.92,-1.636,0.6359619,-7.537,-1.93,0.6359619,-6.94,0.39,0.6359619,-6.96,0.07300001,0.6359619,-7.501,-0.468,0.6359619,-7.869,-0.3338472,0.7638283,-12.22701,1,0,1,0,103.207735,104.4863013,126.6527118,131.2935026,0.1931273,0.1903578,1.796397388,1,0
65,12182024015150733,-0.8633336,3.439721,-5.707923,-0.8500146,3.293259,-5.70031,-0.8198318,2.84033,-5.698001,-0.7584965,2.21378,-5.726442,-0.8500146,3.293259,-5.70031,-0.8500146,3.293259,-5.70031,-0.7584965,2.21378,-5.726442,-0.7584965,2.21378,-5.726442,-0.4965086,3.212161,-5.671147,-0.3423922,2.705463,-5.671041,-0.4371876,2.351738,-5.993643,-0.4873997,2.276668,-6.028114,-0.4371876,2.351738,-5.993643,-1.186297,3.156236,-5.782909,-1.239164,2.644319,-5.905302,-0.9963161,2.29239,-6.147424,-0.9238358,2.242524,-6.154276,-0.9963161,2.29239,-6.147424,-0.6029174,2.229789,-5.766199,-0.2299847,1.849371,-6.334444,0.009082079,1.114426,-6.176183,-0.9094245,2.210212,-5.832322,-0.9222322,1.805157,-6.483783,-1.079867,1.044875,-6.411103,-1.086,0.6359619,-7.92,-1.636,0.6359619,-7.537,-1.93,0.6359619,-6.94,0.39,0.6359619,-6.96,0.07300001,0.6359619,-7.501,-0.468,0.6359619,-7.869,-0.3338472,0.7638283,-12.22701,1,0,1,0,116.9839753,116.0363931,129.5514964,139.2620606,0.3505977,0.2810467,1.731469416,1,0
66,12182024015151761,-0.8692911,3.427251,-5.72511,-0.8576539,3.282939,-5.715316,-0.8225492,2.829315,-5.707338,-0.7963484,2.199838,-5.719786,-0.8576539,3.282939,-5.715316,-0.8576539,3.282939,-5.715316,-0.7963484,2.199838,-5.719786,-0.7963484,2.199838,-5.719786,-0.5095148,3.210294,-5.689069,-0.3526108,2.691918,-5.6981,-0.5117214,2.343105,-6.016187,-0.5841235,2.242209,-6.09327,-0.5117214,2.343105,-6.016187,-1.194899,3.156598,-5.770527,-1.302757,2.687906,-5.75974,-1.124466,2.352313,-6.061815,-1.020036,2.243909,-6.118322,-1.124466,2.352313,-6.061815,-0.6392583,2.218029,-5.770332,-0.2340832,1.975286,-6.450962,0.01180458,1.390795,-6.966638,-0.9489343,2.195397,-5.81261,-1.123744,1.910269,-6.572419,-1.177795,1.303858,-7.129042,-1.086,0.6359619,-7.92,-1.636,0.6359619,-7.537,-1.93,0.6359619,-6.94,0.39,0.6359619,-6.96,0.07300001,0.6359619,-7.501,-0.468,0.6359619,-7.869,-0.3338472,0.7638283,-12.22701,1,0,1,0,151.0475716,152.1120595,126.0299051,125.2559411,0.6269667,0.5400297,1.833732854,1,0
67,12182024015152710,-0.8637204,3.417607,-5.733875,-0.856576,3.274191,-5.723394,-0.831785,2.823447,-5.712139,-0.8138099,2.199509,-5.719372,-0.856576,3.274191,-5.723394,-0.856576,3.274191,-5.723394,-0.8138099,2.199509,-5.719372,-0.8138099,2.199509,-5.719372,-0.5133995,3.210618,-5.708337,-0.3553406,2.684949,-5.716937,-0.5304672,2.334174,-6.009248,-0.6053675,2.236264,-6.098639,-0.5304672,2.334174,-6.009248,-1.197034,3.155262,-5.763143,-1.309926,2.691088,-5.759504,-1.075765,2.367612,-6.074313,-0.9868358,2.2852,-6.122333,-1.075765,2.367612,-6.074313,-0.6545567,2.217701,-5.777181,-0.5232593,2.054856,-6.622847,-0.4436176,1.761298,-7.364842,-0.9671314,2.195518,-5.805745,-0.9281523,2.02612,-6.659849,-0.8567079,1.73198,-7.402593,-1.086,0.6359619,-7.92,-1.636,0.6359619,-7.537,-1.93,0.6359619,-6.94,0.39,0.6359619,-6.96,0.07300001,0.6359619,-7.501,-0.468,0.6359619,-7.869,-0.3338472,0.7638283,-12.22701,0,0,0,0,168.9917801,169.3293647,126.3754163,120.3023611,0.9974697,0.9681517,1.849689007,0,0
68,12182024015153703,-0.856584,3.405099,-5.755172,-0.8499135,3.262861,-5.741981,-0.8275686,2.819053,-5.722249,-0.7904949,2.205057,-5.721667,-0.8499135,3.262861,-5.741981,-0.8499135,3.262861,-5.741981,-0.7904949,2.205057,-5.721667,-0.7904949,2.205057,-5.721667,-0.5102778,3.208306,-5.715979,-0.3463044,2.686433,-5.695687,-0.4571364,2.320863,-5.992977,-0.5299527,2.227609,-6.090872,-0.4571364,2.320863,-5.992977,-1.194991,3.150674,-5.794486,-1.279415,2.660554,-5.840681,-1.074363,2.297509,-6.095615,-0.9935135,2.203009,-6.158693,-1.074363,2.297509,-6.095615,-0.625763,2.222486,-5.776405,-0.3120301,1.824025,-6.316947,0.07546479,1.071205,-6.065264,-0.9502874,2.201432,-5.810965,-1.084325,1.773919,-6.39919,-1.423262,0.9739686,-6.224867,-1.086,0.6359619,-7.92,-1.636,0.6359619,-7.537,-1.93,0.6359619,-6.94,0.39,0.6359619,-6.96,0.07300001,0.6359619,-7.501,-0.468,0.6359619,-7.869,-0.3338472,0.7638283,-12.22701,0,0,1,0,115.8527492,115.7720576,128.9507267,134.932111,0.3073767,0.2101403,1.808615319,0,0
69,12182024015154732,-0.8401459,3.395992,-5.756692,-0.8404627,3.254226,-5.744462,-0.8334871,2.811923,-5.722075,-0.8432257,2.196056,-5.711331,-0.8404627,3.254226,-5.744462,-0.8404627,3.254226,-5.744462,-0.8432257,2.196056,-5.711331,-0.8432257,2.196056,-5.711331,-0.4976028,3.194949,-5.728364,-0.343897,2.666992,-5.745207,-0.5485672,2.331693,-6.038773,-0.6160982,2.23315,-6.126246,-0.5485672,2.331693,-6.038773,-1.180868,3.148701,-5.766125,-1.292311,2.671869,-5.755316,-1.168107,2.308024,-6.057888,-1.100696,2.184727,-6.131416,-1.168107,2.308024,-6.057888,-0.6796532,2.204459,-5.779806,-0.4288428,1.794084,-6.339531,-0.3505499,0.9591174,-6.201051,-1.001351,2.201385,-5.787271,-1.239952,1.786335,-6.358352,-1.350436,0.9495641,-6.224252,-1.086,0.6359619,-7.92,-1.636,0.6359619,-7.537,-1.93,0.6359619,-6.94,0.39,0.6359619,-6.96,0.07300001,0.6359619,-7.501,-0.468,0.6359619,-7.869,-0.3338472,0.7638283,-12.22701,1,0,1,0,117.0002016,117.8056097,123.9091981,130.7369027,0.1952891,0.1857358,1.775320938,1,0
70,12182024015155726,-0.8376157,3.381045,-5.797155,-0.8383998,3.238291,-5.780448,-0.838379,2.795431,-5.750725,-0.8328025,2.183125,-5.738245,-0.8383998,3.238291,-5.780448,-0.8383998,3.238291,-5.780448,-0.8328025,2.183125,-5.738245,-0.8328025,2.183125,-5.738245,-0.4987446,3.184809,-5.754322,-0.3446205,2.65434,-5.745842,-0.5426687,2.318531,-6.038763,-0.6100832,2.247723,-6.116178,-0.5426687,2.318531,-6.038763,-1.18324,3.144757,-5.790041,-1.299064,2.675757,-5.840025,-1.064111,2.353019,-6.108624,-0.9412941,2.268136,-6.118645,-1.064111,2.353019,-6.108624,-0.6715435,2.196422,-5.798536,-0.5329887,1.777948,-6.404724,-0.4818541,0.9641633,-6.022533,-0.9877642,2.183692,-5.823671,-1.013917,1.758587,-6.442952,-1.10779,0.9389648,-6.072288,-1.086,0.6359619,-7.92,-1.636,0.6359619,-7.537,-1.93,0.6359619,-6.94,0.39,0.6359619,-6.96,0.07300001,0.6359619,-7.501,-0.468,0.6359619,-7.869,-0.3338472,0.7638283,-12.22701,1,0,1,0,99.89211316,100.2821163,122.5948609,126.0673793,0.200335,0.1751365,1.832977319,1,0
71,12182024015156735,-0.7371496,3.379932,-5.767898,-0.7486621,3.236815,-5.754161,-0.7818359,2.794277,-5.73116,-0.8122949,2.18277,-5.721773,-0.7486621,3.236815,-5.754161,-0.7486621,3.236815,-5.754161,-0.8122949,2.18277,-5.721773,-0.8122949,2.18277,-5.721773,-0.4585836,3.159343,-5.712327,-0.3214632,2.661502,-5.690434,-0.479363,2.313653,-5.981345,-0.5534418,2.230638,-6.102982,-0.479363,2.313653,-5.981345,-1.057748,3.285945,-5.876322,-1.002718,3.065626,-6.315055,-0.5860139,3.278891,-6.466644,-0.4927517,3.264913,-6.46196,-0.5860139,3.278891,-6.466644,-0.64522,2.19048,-5.754615,-0.3389981,1.821337,-6.32022,-0.2447878,1.02735,-6.479099,-0.9723392,2.18828,-5.825871,-1.024272,1.816727,-6.469491,-1.113857,1.021504,-6.668405,-1.086,0.6359619,-7.92,-1.636,0.6359619,-7.537,-1.93,0.6359619,-6.94,0.39,0.6359619,-6.96,0.07300001,0.6359619,-7.501,-0.468,0.6359619,-7.869,-0.3338472,0.7638283,-12.22701,0,0,1,0,132.9374636,134.1826865,125.7953526,100.0579338,0.2635217,0.2576757,1.760583992,0,0
72,12182024015157740,-0.7878784,3.389195,-5.78761,-0.795251,3.246365,-5.771569,-0.8186909,2.80332,-5.741911,-0.854211,2.190489,-5.726099,-0.795251,3.246365,-5.771569,-0.795251,3.246365,-5.771569,-0.854211,2.190489,-5.726099,-0.854211,2.190489,-5.726099,-0.4616659,3.172819,-5.755915,-0.3402853,2.634473,-5.761991,-0.569531,2.306847,-6.054363,-0.6386551,2.240976,-6.120405,-0.569531,2.306847,-6.054363,-1.134783,3.166316,-5.792362,-1.278011,2.618038,-5.802962,-1.077675,2.257624,-6.067085,-1.039967,2.125242,-6.096186,-1.077675,2.257624,-6.067085,-0.6979985,2.19121,-5.784547,-0.3182593,1.943651,-6.462517,-0.04722255,1.648622,-7.280581,-1.004325,2.204768,-5.814244,-1.263007,1.985465,-6.554105,-1.402693,1.708614,-7.411987,-1.086,0.6359619,-7.92,-1.636,0.6359619,-7.537,-1.93,0.6359619,-6.94,0.39,0.6359619,-6.96,0.07300001,0.6359619,-7.501,-0.468,0.6359619,-7.869,-0.3338472,0.7638283,-12.22701,1,0,1,0,169.5579905,170.1850469,123.3586513,128.2204929,0.8847937,0.9447857,1.900752943,1,0
73,12182024015158750,-0.8831081,3.365498,-5.831912,-0.8804626,3.224489,-5.81177,-0.8741026,2.785849,-5.769192,-0.8704659,2.177824,-5.738216,-0.8804626,3.224489,-5.81177,-0.8804626,3.224489,-5.81177,-0.8704659,2.177824,-5.738216,-0.8704659,2.177824,-5.738216,-0.5347421,3.182443,-5.798693,-0.3769753,2.649151,-5.760369,-0.5618153,2.298492,-6.043636,-0.6185055,2.226466,-6.137527,-0.5618153,2.298492,-6.043636,-1.219999,3.129592,-5.816795,-1.301855,2.621883,-5.856118,-1.078202,2.261276,-6.103054,-1.035477,2.14693,-6.134653,-1.078202,2.261276,-6.103054,-0.7102904,2.187529,-5.804402,-0.5620014,1.746466,-6.386508,-0.5280482,0.936952,-6.570945,-1.021842,2.182316,-5.817875,-1.114104,1.737228,-6.410383,-1.118583,0.927071,-6.596481,-1.086,0.6359619,-7.92,-1.636,0.6359619,-7.537,-1.93,0.6359619,-6.94,0.39,0.6359619,-6.96,0.07300001,0.6359619,-7.501,-0.468,0.6359619,-7.869,-0.3338472,0.7638283,-12.22701,1,0,1,0,139.2951052,139.3903966,122.7649788,133.5570957,0.1731237,0.1632427,1.749769561,1,0
74,12182024015159738,-0.8828102,3.337763,-5.838963,-0.8765725,3.198836,-5.818671,-0.8556374,2.765766,-5.775464,-0.8172323,2.166235,-5.740114,-0.8765725,3.198836,-5.818671,-0.8765725,3.198836,-5.818671,-0.8172323,2.166235,-5.740114,-0.8172323,2.166235,-5.740114,-0.5250784,3.175668,-5.775234,-0.366893,2.654835,-5.709331,-0.5179508,2.308329,-6.012379,-0.5694671,2.22899,-6.111894,-0.5179508,2.308329,-6.012379,-1.216575,3.10655,-5.850435,-1.281068,2.606289,-5.898045,-1.018222,2.270465,-6.129222,-0.9711569,2.17885,-6.154221,-1.018222,2.270465,-6.129222,-0.6562311,2.18524,-5.796252,-0.3396553,1.806183,-6.354801,-0.2319878,0.9752058,-6.074821,-0.9719139,2.162813,-5.828487,-1.106921,1.751676,-6.43315,-1.152954,0.9097797,-6.168864,-1.086,0.6359619,-7.92,-1.636,0.6359619,-7.537,-1.93,0.6359619,-6.94,0.39,0.6359619,-6.96,0.07300001,0.6359619,-7.501,-0.468,0.6359619,-7.869,-0.3338472,0.7638283,-12.22701,1,0,1,0,107.0098995,107.0414356,120.9470065,131.2530393,0.2113775,0.1459514,1.805340686,1,0
75,12182024015200719,-0.8485815,3.34506,-5.811344,-0.8449194,3.203572,-5.794233,-0.8316361,2.765499,-5.760526,-0.8047519,2.162341,-5.735168,-0.8449194,3.203572,-5.794233,-0.8449194,3.203572,-5.794233,-0.8047519,2.162341,-5.735168,-0.8047519,2.162341,-5.735168,-0.502974,3.16696,-5.752502,-0.3545996,2.651124,-5.697053,-0.4920703,2.298064,-5.999174,-0.5531349,2.212793,-6.109375,-0.4920703,2.298064,-5.999174,-1.200574,3.114238,-5.842138,-1.268933,2.610323,-5.902847,-1.028077,2.258482,-6.125906,-0.970498,2.16504,-6.15692,-1.028077,2.258482,-6.125906,-0.6454143,2.181459,-5.786715,-0.2520425,1.816062,-6.298685,-0.2133439,0.9907097,-6.068835,-0.9588696,2.158916,-5.827044,-1.158561,1.750868,-6.41532,-1.173132,0.9216841,-6.192325,-1.086,0.6359619,-7.92,-1.636,0.6359619,-7.537,-1.93,0.6359619,-6.94,0.39,0.6359619,-6.96,0.07300001,0.6359619,-7.501,-0.468,0.6359619,-7.869,-0.3338472,0.7638283,-12.22701,1,0,1,0,108.2383285,109.2151598,123.6701041,135.0367485,0.2268814,0.1578558,1.781496322,1,0
